[
  {
    "name": "Food & Drink",
    "id": "food",
    "theme": "yellow",
    "quizzes": [
      {
        "type": "single-select-item",
        "question": "Odd one out|vizhupuram|Rest are all famous briyanies available in chennai",
        "options": [
          "8|Ambur/Vaniyambadi",
          "55|Vizhuppuram",
          "11|Dindugal",
          "32|Salem"
        ],
        "answer": [1]
      },
      {
        "type": "four-quarter",
        "question": "One of the favorite dishes of Chennai, Chicken 65, is believed to be introduced at _________ Hotel.|Buhari|The famous chain of Buhari Hotels has been in Chennai since 1951. The Chicken 65, is believed to be introduced at Buhari by its founder A.M. Buhari.",
        "options": [
          "Taj-Connemara",
          "Velu Military",
          "Buhari",
          "Samco"
        ],
        "answer": [2]
      },
      {
        "type": "single-select-item",
        "question": "This Chennai breakfast is widely considered as the most nutritional and balanced food. Which combination is that?|Idli and Sambar|Perfect Breakfast",
        "options": [
          "Idli & Kara Chutney",
          "Ven Pongal & Vadai",
          "Dosa & Sambar",
          "Idli & Sambar"
        ],
        "answer": [3]
      },
      {
        "type": "four-quarter",
        "question": "This food has crossed borders literally and now one of the Chennai's favourite evening time snack. Second Beach Lane is famous for this street food.|Atho|Atho is a Burmese food",
        "options": [
          "Idli",
          "Noodles",
          "Atho",
          "Pizza"
        ],
        "answer": [2]
      },

      {
        "type": "multi-select",
        "question": "What are the ingredients in Lappa or Ceylon parotta(Spices, Oil Excluded)?|Maida,Egg,Onion,salt|Delicious...",
        "options": [
          "Maida",
          "Wheat Flour",
          "Egg",
          "Onion",
          "Rice flour",
          "Salt",
          "Sugar"
        ],
        "answer": [
          0,
          2,
          3,
          5
        ]
      },
      {
        "type": "single-select-item",
        "question": "He is the first Indian Chef to receive Ph.D. in Hotel Management and Catering Technology. Who is this Well known Chef?|Chef Dhamodaran|He has entered in Guinness World Record for ‘Longest Cooking Marathon — Individual’ in 2010.He has set the record by cooking 617 dishes (190 kg of food) in 24 hours, 30 minutes and 12 seconds.",
        "options": [
          "Chef Jacob",
          "Chef Dhamodaran",
          "Chef Venkatesh bhat",
          "Chef Sundar"
        ],
        "answer": [1]
      },
      {
        "type": "single-select-item",
        "question": "This is how Chennaites fondly calls roadside eateries.|Kaiyendhi bhavan|Another close one is Rottu kadai",
        "options": [
          "Military Hotel",
          "Kaiyendhi bhavan",
          "Bandi",
          "Petti Kadai"
        ],
        "answer": [1]
      },
      {
        "type": "four-quarter",
        "question": "This Madurai delicacy found its way to Chennai's Menu.|Jigirthanda|Madurai's Favourite",
        "options": [
          "Badam Milk",
          "Butter Milk",
          "Jigirthanda",
          "Falooda"
        ],
        "answer": [2]
      },
      {
        "type": "fill-blank",
        "question": "Without this, Madras-style breakfast won't get fulfilled. Hint: Usually served in a Dabarah Set (2 Words)|Madras filter Coffee|What Breakfast it is without a Coffee?!!",
        "start":"Madras",
        "answer": "filter coffee"
      },
      {
        "type": "four-quarter",
        "question": "A tailor made snack for Merina Beach Evenings.|Sundal|And Murukku OfCourse...",
        "options": [
          "Mixture",
          "Sundal",
          "Vadacurry",
          "Vadai"
        ],
        "answer": [1]
      },
      {
        "type": "single-select-item",
        "question": "This Master Chef, food historian, spice collector had created a new Guinness World Record for the longest individual barbecue cooking marathon in 2010. Who was these great cook better known for his TV show \"Aaha Enna Rusi\"?|Chef Jacob|He barbecued for 24 hours and five minutes, cooking a total of 485 dishes in Chennai.",
        "options": [
          "Chef Jacob",
          "Chef Dhamodaran",
          "Chef Venkatesh bhat",
          "Chef Sundar"
        ],
        "answer": [0]
      }
    ],
    "scores": [
      0,
      0,
      0,
      0,
      0,
      0,
      0,
      0,
      0,
      0,
      0
    ],
    "solved": "false"
  },
  {
    "name": "Landmarks",
    "id": "landmark",
    "theme": "yellow",
    "quizzes": [
      {
        "type": "single-select-item",
        "question": "Chennai Central, Mint Jn., Royapettah Jn, Doveton Jn, Pulianthope Jn.,Ripon building. All these have one connection.|All have Clock Towers|Mint Jn., Royapettah Jn, Doveton Jn, Pulianthope Jn Clock Towers are the Only standalone Clock towers of the city. Before the construction of these clock towers, British officers at Fort St. George used to fire cannonballs at 8 p.m. every day. Royapettah is in Chennai Central Parliamentary Constituency.",
        "options": [
          "All have Clock Towers",
          "All are White in Color",
          "All are Red in Color",
          "All are in Chennai North Parliamentary Constituency"
        ],
        "answer": [0]
      },
      {
        "type": "fill-blank",
        "question": "Which shopping district in Chennai sounds like it is named after a Union Territory but was in fact originally named after W.P.A. Soundarapandian Nadar?|Pondy bazaar|Pondy bazaar is officially called as Soundarapandian Angadi. There is a statue of him near the entrance to this area.",
        "end":"Bazaar",
        "answer": "Pondy"
      },
      {
        "type": "single-select-item",
        "question": "As Part of 1968 World Trade Fair happened in Chennai, one important landmark was built. What was that?|Anna Nagar Tower|Anna Nagar Tower was built in 1968 even before Anna Nagar came there",
        "options": [
          "Anna Nagar Arch",
          "Anna Nagar Tower",
          "Valluvar Kottam",
          "Madras Trade Center"
        ],
        "answer": [1]
      },
      {
        "type": "fill-blank",
        "question": "Devi, Devi Kala, Devi Bala,_______. Name the missing one.|Devi Paradise|Devi Cineplex has 4 screens.",
        "start":"Devi",
        "answer": "Paradise"
      },
      {
        "type": "picker",
        "question": "Mayajaal is the largest Multiplex in India in terms of number of screens. How many screens does it have?|16 Screens|",
        "min": 0,
        "max": 20,
        "answer": 16
      },
      {
        "type": "fill-blank",
        "question": "It has witnessed great speeches of  great philosopher J Krishnamurthi, Annie Besant, Maria Montessori and many others. It can accommodate 3000 people. Though it suffered in 1989 cyclone , it still stands. It is not a building.(2 Words)|Adayar Banyan Tree(Adayar Aalamaram)|Its sprawling branches cover 40,000 sq. ft.is one of the largest tree in the world. It measures 238ft from north to south and 250ft from east to west. The giant banyan tree came with the property acquired in 1908.",
        "start":"Adayar",
        "answer": "Banyan Tree"
      },
      {
        "type": "single-select-item",
        "question": "The Largest flyover in Asia is in our City. Which is it?|Kathipara Flyover|",
        "options": [
          "Anna Flyover",
          "Kathipara Flyover",
          "Maduravoyal Flyover",
          "Koyambedu Flyover"
        ],
        "answer": [1]
      },
      {
        "type": "single-select-item",
        "question": "Name the oldest flyover in the City. |Anna Flyover| Built in 1973 and dubbed one of the top-rated flyovers in the country. It is also the third oldest in the Country.",
        "options": [
          "Anna Flyover",
          "Kathipara Flyover",
          "Maduravoyal Flyover",
          "Koyambedu Flyover"
        ],
        "answer": [0]
      },
      {
        "type": "auto-complete",
        "question": "Wallajah Mosque is one of the oldest Mosques in the City. It is also called as Big Mosque. Where is it??|Triplicane|Wallajah Mosque was built by the family of Muhammed Ali Khan Wallajah, who became the Nawab of Arcot in 1765.",
        "answer": "Triplicane"
      },
      {
        "type": "fill-blank",
        "question": "This bridge spans across Adyar Estuary. A Great Bachelor Hangout. Which bridge is this?|Broken bridge|During the year 1977, the bridge partly collapsed due to strong currents of the river, and has never been repaired.",
        "end":"bridge",
        "answer": "Broken"
      },
      {
        "type": "single-select-item",
        "question": "Biggest Park in Chennai besides Guindy National Park is?|Tholkappiya Poonga|",
        "options": [
          "Semmozhi Poonga(Cathedral Road)",
          "Natesan Park(T.Nagar)",
          "Mayday Park(Chinthadripet)",
          "Tholkappiya Poonga(Adyar Estuary)"
        ],
        "answer": [3]
      },
      {
        "type": "fill-blank",
        "question": "1330 and Nungambakkam.  Which landmark am I talking about?|Valluvar Kottam|",

        "answer": "Valluvar Kottam"
      },
      {
        "type": "single-select-item",
        "question": "Name the white colored building  which is at the corner, famously called as Parrys Corner,  where North Beach Road and NSC Bose Road intersects:|Dare House|Thomas Parry, a Welshman, started his business 'Parry and Dare'  with his business partner John William Dare in 1819 here. EID Parry is now owned by The Murugappa Group. EID Parry is one of the oldest business entities in the Indian Subcontinent.",
        "options": [
          "Parrys House",
          "Dare House",
          "Clive House",
          "White House"
        ],
        "answer": [1]
      },
      {
        "type": "true-false",
        "question": "Guindy National Park is the smallest national park in the country.|True|Guindy National Park is also one of the rarest National Parks to be completely inside a big city",
        "answer": true
      },
      {
        "type": "single-select-item",
        "question": "Which library in Chennai is also a depository library for the United Nations?|Connemara Public Library|One of the oldest libraries in the country and one of the four National Depository Libraries which receive a copy of all books, newspapers and periodicals published in India.",
        "options": [
          "Connemara Public Library",
          "Anna Centenary Library",
          "Presidency College Library",
          "Devaneya paavaanar Library"
        ],
        "answer": [0]
      },
      {
        "type": "single-select-item",
        "question": "This is the Official Residence of Governors for last 200 years.|Raj Bhavan|",
        "options": [
          "Fort St.George",
          "Rajaji Hall",
          "Raj Bhavan",
          "Panagal Maaligai"
        ],
        "answer": [2]
      },
      {
        "type": "picker",
        "question": "Kotturpuram Anna Centenary Library is the one of the largest libraries in Asia. How many floors does it have?|9 Floors|It has a capacity to accommodate 1.2 million books.",
        "min": 2,
        "max": 15,
        "answer": 9
      },
      {
        "type": "fill-blank",
        "question": "These famous twin arches resisted demolition in 2012, when it was to be demolished for the construction of a new flyover. After that, the government decided to realign the flyover and to preserve this structure. Which is that famous landmark?|Anna Arch|",

        "answer": "Anna Arch"
      },
      {
        "type": "fill-blank",
        "question": "This important junction got its present name from the nearby Church.The Church is one of the oldest churches in India founded in 1516 by Portuguese Merchants. Name this junction.|Luz Corner|Luz Church was called as 'Kattukoil' by the locals as it was in the midst of thick forest",
        "end":"Corner",
        "answer": "Luz"
      },
      {
        "type": "single-select-item",
        "question": "What is the name of the bridge that is just before Cooum Estuary?|Anna Bridge(Napier Bridge)|",
        "options": [
          "Broken Bridge",
          "Periyar Bridge(St. George's Bridge)",
          "Anna Bridge(Napier Bridge)",
          "Lattice Bridge"
        ],
        "answer": [2]
      },
      {
        "type": "single-select-item",
        "question": "Which canal feeds poondi lake?|Telugu Ganga Canal| Recently, renamed as Sai Ganga Canal.",
        "options": [
          "Buckingham canal",
          "Otteri nalla",
          "Telugu ganga Canal",
          "Captain Cotton Canal"
        ],
        "answer": [2]
      },
      {
        "type": "four-quarter",
        "question": "Which one is the The Shortest Platform in Chennai Central Railway Station?|2A|Platform 2A is the shortest of all platforms in the station and can accommodate trains with 18 coaches. Chennai Central is the only station that has a platform numbered 2A.",
        "options": [
          "1",
          "2A",
          "3A",
          "13"
        ],
        "answer": [1]
      },
      {
        "type": "picker",
        "question": "How many platforms does Chennai Egmore Railway Station have including EMU Platforms?|11| This station is known in Tamil as Ezhumbur. Over 75% of the trains starting from Chennai Egmore station pass through Viluppuram at different times to south Tamil Nadu",
        "min": 0,
        "max": 20,
        "answer": 11
      }
    ],
    "scores": [
      0,
      0,
      0,
      0,
      0,

      0,
      0,
      0,
      0,
      0,

      0,
      0,
      0,
      0,
      0,

      0,
      0,
      0,
      0,
      0,

      0,
      0,
      0
    ],
    "solved": "false"
  },

  {
    "name": "Institutions",
    "id": "institutions",
    "theme": "red",
    "quizzes": [
      {
        "type": "single-select-item",
        "question": "After holding the Status so long from 1959, LIC building gave its tallest building in Chennai status to this building in the 1990s|Hyatt Regency|Hyatt Regency  was Designed in 1986. Construction started in the 1990s. However, the completion was delayed for nearly two decades and the hotel was opened on 10 August 2011. Another close competitor  was Koyambedu Arihant Towers.",
        "options": [
          "Hyatt Regency",
          "Chennai Port Trust Building",
          "SPIC building",
          "TIDEL Park"
        ],
        "answer": [0]
      },
      {
        "type": "fill-blank",
        "question": "Chennai is referred as Health Capital of India. Government General Hospital, Park Town, is the oldest Medical Institution in India, founded in 1664. Which former Prime minister's name is given to this institution?|Rajiv Gandhi|",
        "answer": "Rajiv Gandhi"
      },
      {
        "type": "single-select-item",
        "question": "Chennai hosts an international organization's Extension Head Quarters. When Chennai Office Started its operations in 2001 that was the first time in that organization's history, to move its work outside Washington DC. What is it?|World Bank|The World Bank, Chennai is the extension of the World Bank headquartered in Washington, DC.  The World Bank Chennai office offers corporate financial, accounting, administrative and IT services for the Bank's offices in around 150 countries. The Chennai office handles several value-added operations of the bank that were earlier handled only in its Washington, DC office.",
        "options": [
          "United Nations",
          "World Bank",
          "International Monetary Fund",
          "Interpol"
        ],
        "answer": [1]
      },
      {
        "type": "four-quarter",
        "question": "Nawab of Arcot's Chepauk Palace is part of this Government Office Complex now.|Ezhilagam|",
        "options": [
          "Thenral",
          "Panagal Maaligai",
          "Kuralagam",
          "Ezhilagam"
        ],
        "answer": [3]
      },
      {
        "type": "single-select-item",
        "question": "Which is the largest in terms of total installed capacity,out of the 6 power plants Chennai has?|North Chennai Thermal Power Station|North Chennai Thermal Power Station has total Capacity of 1830MW. Vallur Thermal Power Plant has 1500MW.",
        "options": [
          "Ennore Thermal Power Station",
          "Madras Atomic Power Station",
          "North Chennai Thermal Power Station",
          "GMR Vasavi Diesel Power Plant",
          "Basin Bridge Gas Turbine Power Plant",
          "Vallur Thermal Power Plant"
        ],
        "answer": [2]
      },
      {
        "type": "single-select-item",
        "question": "TIDEL PARK is one of the largest IT parks in Asia. But, what TIDEL stands for?|Portmanteau  o f TIDCO and ELCOT|An ISO 9001/14001 company, it is one of the largest IT parks in Asia. It was set up in 2000 to foster the growth of information technology in the state of Tamil Nadu by the TIDEL Park Ltd, a joint venture of TIDCO and ELCOT.",
        "options": [
          "Portmanteau  o f TIDCO and ELCOT",
          "Taramani Industrial Development Enterprise Limited",
          "Tamilnadu Industrial Development Enterprise Limited",
          "Portmanteau of Tide and Electronics"
        ],
        "answer": [0]
      },
      {
        "type": "four-quarter",
        "question": "If CMBT  is for Government buses,  What is it for Private buses?|CCCBT|The Chennai Contract Carriage Bus Terminus or CCCBT is the terminus for outstation private buses.  It was inaugurated in August 2003.  It is in close proximity to CMBT.",
        "options": [
          "CCCBT",
          "CPBT",
          "CCBT",
          "COBT"
        ],
        "answer": [0]
      },
      {
        "type": "four-quarter",
        "question": "The Oldest existing hotel and the only heritage hotel in the city is|Taj-Connemara|Taj Connemara was originally built as the Imperial Hotel in 1854 and re-established as The Connemara in 1890.",
        "options": [
          "Taj-Connemara",
          "Taj-Coromandel",
          "Savera Hotel",
          "Fisherman's Cove"
        ],
        "answer": [0]
      },
      {
        "type": "single-select-item",
        "question": "Chennai Port Trust Centenary Building has a giant football-like mascot structure, which serves as a prominent landmark in the harbor area on its 12th Floor. What is it actually?|Cyclone Detection Radar|This is the first radar installed in India, facing the sea on one side and the land on the other. The data captured by the radar are used to forecast about the cyclonic storms forming in the Sea and the thunderstorms on the surface.",
        "options": [

          "Radio Station",
          "Ship Navigation Aid",
          "Cyclone Detection Radar",
          "Water Tank for the whole Harbor Area"
        ],
        "answer": [2]
      },
      {
        "type": "single-select-item",
        "question": "Merina Lighthouse has an unique feature which cannot be seen in anyother Lighthouses in India. What is it?|Only Lighthouse with Elevator| It is one of the few lighthouses in the world and the only one in India with an elevator. It is also the only lighthouse in India within the city limits.",
        "options": [

          "Only Lighthouse with Elevator",
          "Only Lighthouse which still uses Oil for lighting",
          "Only Lighthouse which has a radar",
          "Only Lighthouse with a building attached to it"
        ],
        "answer": [0]
      },
      {
        "type": "single-select-item",
        "question": "What CMBT stands for?|Chennai Mofussil Bus Terminus|The CMBT provides outstation transport services. Spread over an area of 37 acres (150,000 m2) in Koyambedu.It is one of the largest Bus stations in Asia",
        "options": [

          "Chennai Metro Bus Terminus",
          "Chennai Main Bus Terminus",
          "Chennai Multi Bus Terminus",
          "Chennai Mofussil Bus Terminus"
        ],
        "answer": [3]
      },
      {
        "type": "single-select-item",
        "question": "Sir C.V.Raman, P.Chidambaram, Vaiko, Actor Karunas are few of the notable Alumni of this prestigious college. Which is that?|Presidency College|Established as the Madras Preparatory School on October 15, 1840 and later, upgraded to a high school and then, graduate college, the Presidency College is one of the oldest government arts colleges in India.",
        "options": [

          "New College",
          "Madras Christian College",
          "Presidency College",
          "Loyola College"
        ],
        "answer": [2]
      },
      {
        "type": "single-select-item",
        "question": "Loyola College is an autonomous institution under the University of Madras in the city of Chennai, India. It consistently ranks among the top five institutions in India. What is the motto of it?|Luceat Lux Vestra(Let your Light Shine)|",
        "options": [

          "In Hoc Signo(In this sign)",
          "Luceat Lux Vestra(Let your Light Shine)",
          "Life by Light",
          "Enlightment through Education"
        ],
        "answer": [1]
      },
      {
        "type": "single-select-item",
        "question": "Founded in 1837, The Madras Christian College (MCC) is one of Asia's oldest extant colleges. MCC moved to its present 395 acre greenish Tambaram campus in 1937.But, Where was it founded in 1837 which is now a landmark? \nHint:NSC Bose|Anderson Church|",
        "options": [

          "Anderson Church",
          "Luz Church",
          "St.Mary's Cathedral",
          "Wesley Church"
        ],
        "answer": [0]
      },
      {
        "type": "true-false",
        "question": "YMCA College of Physical Education is the first college of physical education in Asia.|True|It was established in 1920 by Harry Crowe Buck.",
        "answer": true
      },
      {
        "type": "single-select-item",
        "question": "This is the first women’s college in the city and is one among the first three colleges for women in the country. Which is it?|Queen Mary's|Queen Mary’s College is best described as a pioneer in the task of empowering women through education. It was started in 1914 by the British Government as the Madras College For Women.",
        "options": [

          "Ethiraj College",
          "Stella Maris College",
          "Queen Mary's College",
          "Women's Christian College"
        ],
        "answer": [2]
      },
      {
        "type": "single-select-item",
        "question": "ICF Stands for:|Integral Coach Factory|",
        "options": [

          "Integrated Coach Factory",
          "Indian Coach Factory",
          "Integrated Car Factory",
          "Integral Coach Factory"
        ],
        "answer": [3]
      },
      {
        "type": "four-quarter",
        "question": "Heavy Vehicles Factory which manufactures tank for Indian Military, is in|Avadi|",
        "options": [
          "Ambattur",
          "Sriperumbudur",
          "Avadi",
          "Oragadam"
        ],
        "answer": [2]
      },
      {
        "type": "single-select-item",
        "question": "Rukmini Laxmipathi was the first female prisoner in the Salt Satyagraha movement.For her participation (in 1930) in the Salt Satyagraha in Vedaranyam, she was jailed for a year. She is an Alumni of|Women's Christian College|",
        "options": [

          "Women's Christian College",
          "Stella Maris College",
          "Queen Mary's College",
          "Ethiraj College"
        ],
        "answer": [0]
      },
      {
        "type": "four-quarter",
        "question": "Chennai is called as the Detroit of Asia. But this one is not in Chennai. Which is it?|Maruti Suzuki|",
        "options": [
          "Hyundai",
          "BMW",
          "Maruti Suzuki",
          "Wrightbus"
        ],
        "answer": [2]
      },
      {
        "type": "single-select-item",
        "question": "Chennai is not Only Autombile,Healthcure,Tourism,Cultural,Educational capital of India,but also ____________|Banking Capital of India|Dollar City of India is Tirupur with Strong garments exports. Pandit Jawaharlal Nehru called Sivakasi is “Kutty Japan” (Little Japan). Coimbatore is the Manchester of South India. Madurai is the Athens of the East.",
        "options": [

          "Banking Capital of India",
          "Dollar City of India",
          "Manchester of South India",
          "Little Japan of India",
          "Athens of the East"
        ],
        "answer": [0]
      }
    ],
    "scores": [
      0,
      0,
      0,
      0,
      0,

      0,
      0,
      0,
      0,
      0,

      0,
      0,
      0,
      0,
      0,

      0,
      0,
      0,
      0,
      0,

      0
    ],
    "solved": "false"
  },
  {
    "name": "Heritage",
    "id": "heritage",
    "theme": "blue",
    "quizzes": [
      {
        "type": "single-select-item",
        "question": "Chennai's first Cinema Theatre, 'Electric Theatre', was started in 1913. Now, this heritage building is|Philatelic Bureau, Anna Salai Post office|Chennai's first Cinema Theatre 'Electric Theatre' was started in 1913 by Warwick Major and sold to Postal Department in 1915. Now, this building hosts a rare collection of stamps.",
        "options": [
          "Madras High Court",
          "Government Museum, Chennai",
          "Philatelic Bureau, Anna Salai Post office",
          "Pilot Theatre"
        ],
        "answer": [2]
      },
      {
        "type": "four-quarter",
        "question": "India's Oldest Railway Station, which is still in use is in Chennai. Where is it?|Royapuram|Royapuram railway station was inaugurated on 1856 Jun 28. Royapuram is the largest in terms of space next to Howrah station.",
        "options": [
          "Central",
          "Royapuram",
          "Basin Bridge",
          "Egmore"
        ],
        "answer": [1]
      },
      {
        "type": "single-select-item",
        "question": "What was Maraimalai Adigalar bridge formerly called?|Marmalong bridge|The Oldest bridge across the Adyar River. Built by Armenian merchant Coja Petrus Uscan in the 1700s at the cost of 30,000 pagodas to connect St.George Fort and Little Mount Church. The Old bridge was replaced by a new one in 1966.",
        "options": [
          "Napier Bridge",
          "Captain Cotton Bridge",
          "Marmalong bridge",
          "Basin Bridge"
        ],
        "answer": [2]
      },
      {
        "type": "four-quarter",
        "question": "Madras was the Only Indian City to come under attack during the first world war. Madras was bombarded by a German Ship (Whose name almost got into Madras Tamil dictionary) on the night of 22 September 1914. What was  her name? Hint: Bharath,Saranya,Nassar,Vadivelu|SMS Emden|On the night of 22 September 1914, SMS Emden bombarded Madras High Court, Burmah Oil tanks and North Beach Road and a merchant ship in the port. At least five sailors were killed. Totally 125 shells were fired by the Germans. SMS Emden went back safely.",
        "options": [
          "U boat 112",
          "SMS Emden",
          "SMS Friedrich Carl",
          "SMS Dresden"
        ],
        "answer": [1]
      },
      {
        "type": "single-select-item",
        "question": "Thomas Munro, Well-loved Governor of Madras, died of cholera in 1827 and was mourned by all citizens of the city. He was the subject of many folk tales and ballads and was even worshipped by some!  What is so peculiar about Thomas Munro's Statue in Island Grounds, Anna Salai, just opposite Gymkhana Club?|Absence of stirrups|This Bronze statue is referred as 'The Stirrupless Majesty'. Thomas Munro was well-loved Governor of Madras died of cholera in 1827 and was mourned by all citizens of the city. He was so revered that many people named their children as Munrolappa after him. The statue was funded by public subscription and was erected in 1839.",
        "options": [
          "Absence of stirrups",
          "Absence of saddle",
          "The Horse doesn't have Ears",
          "It is made up of Teak wood."
        ],
        "answer": [0]
      },
      {
        "type": "fill-blank",
        "question": "100, Mount Road. This address was home for a Prestigious Establishment from 1883-1938 before it moved to its present address on the same road. What is it?(2 Words)Hint:A Newspaper|The Hindu|The Hindu was started as a weekly Magazine in 1878, and started publishing daily in 1889. It is the second most circulated English-language newspaper in India. The offices moved to rented premises at 100 Mount Road on 3 December 1883. The newspaper started printing at its own press there, named \"The National Press\".",

        "answer": "The Hindu"
      },
      {
        "type": "picker",
        "question": "Mount Road LIC Building has 14 Floors Now. But, when it started functioning in 1959, how many floors it had?|12|M. Ct. M. Chidambaram Chettyar, the founder of Indian Overseas Bank and the United India Insurance, planned to construct an 18-storey building. The government took over the building in 1956 and started working in 1959 with 12 floors. Two floors were added in 1975. It has 13 floors and 1 basement  floor and 1 sub-basement floor now.",
        "min": 10,
        "max": 20,
        "answer": 12
      },
      {
        "type": "fill-blank",
        "question": "Which park in T Nagar is named after a former chief minister of Madras Presidency?|Panagal Park|Sir Panaganti Ramarayaningar KCIE, (9 July 1866 – 16 December 1928), also known as the Raja of Panagal, was a zamindar of Kalahasti, a Justice Party leader and the Chief Minister or Premier of Madras Presidency from 11 July 1921 to 3 December 1926.",
        "end":"Park",
        "answer": "Panagal"
      },
      {
        "type": "fill-blank",
        "question": "Francis Whyte _______ wrote commentary and translated Thirukkural to English. ______ Road connects Triplicane with Anna Salai|Ellis|Francis Whyte Ellis dug 27 wells in Chennai when there was huge drinking water shortage in 1818. He issued Gold coins bearing Thiruvallur's Image.",

        "answer": "Ellis"
      },
      {
        "type": "picker",
        "question": "When did Madras become Chennai Officially?|1996|Madras became Chennai in July 17,1996",
        "min": 1990,
        "max": 2000,
        "answer": 1996
      },
      {
        "type": "fill-blank",
        "question": "What is the official residence of Nawab of Arcot? Hint: Has a mini cricket ground|Amir Mahal|Amir Mahal is the official residence of the titular Nawab of Arcot and his family. Situated in Royapettah, a suburb in the present Chennai India, it was constructed in 1798, the Amir Mahal has been the residence of the family since 1876.",
        "end":"Mahal",
        "answer": "Amir"
      },

      {
        "type": "four-quarter",
        "question": "The area near Chennai Central got its name, Park Town ,because of this 150-year old Park. What is the name of the park?|People's Park|People's Park is a recreational park in the city of Chennai, India. Constructed between 1859 and 1861, the park is one of the oldest parks and the most famous one in the city.",
        "options": [
          "Mayday Park",
          "Napier Park",
          "People's Park",
          "Simpson Park"
        ],
        "answer": [2]
      },
      {
        "type": "four-quarter",
        "question": "India's first multi-theatre complex was built in 1964 on Mount Road. It is also believed to be the first 70mm theatre in India. What is it?|Safire|Safire had three halls Safire, Blue Diamond, and Emerald. It was demolished in 1994.",
        "options": [
          "Safire",
          "Geity",
          "Anand",
          "Pilot"
        ],
        "answer": [0]
      },
      {
        "type": "single-select-item",
        "question": "Who is the founder of Adayar Cancer Institute?|Dr.Muthulakshmi Reddy|It was founded on June 18, 1954. The institute has been rated by the World Health Organisation (WHO) as the Top Ranking Centre in the country.",
        "options": [
          "Dr.Muthulakshmi Reddy",
          "Dr.V.Shantha",
          "Dr.Govindappa Venkataswamy",
          "Dr. S.S. Badrinath"
        ],
        "answer": [0]
      },
      {
        "type": "true-false",
        "question": "Egmore Eye Hospital is the first such kind of hospital in the world.|false|The institute was established in 1819. It is the second oldest hospital of its kind next only to the Moorfield Eye Hospital in the United Kingdom which was established in 1805.",
        "answer": false
      },
      {
        "type": "single-select-item",
        "question": "At the Intersection of Blacker's Road and Anna Salai, where Bata Showroom is there now,  once had one of the landmarks of the city. What was it?|Hotel D'Angeli's|In 1906, d' Angeli founded \"Hotel d'Angeli's\" at the Anna statue junction, where Blacker's Road meets Mount Road. The hotel was the first in Madras to have an electric lift, hot water taps, electric fans, imported tiles, ice-making plant and cold storage.",
        "options": [
          "Hotel D'Angeli's" ,
          "Geiti Theatre",
          "Electric Theatre",
          "Hotel Buhari"
        ],
        "answer": [0]
      },
      {
        "type": "single-select-item",
        "question": "You may have seen a white colored building in Elliot's Beach. What is it actually?|A memorial|It is the memorial of a brave sailor named Karl Shmidt's, who drowned in 1930 while  trying to save the life of a girl.",
        "options": [
          "Old Weather Station" ,
          "A memorial",
          "Old Stage used for meetings",
          "Old Lighthouse"
        ],
        "answer": [1]
      },
      {
        "type": "single-select-item",
        "question": "The oldest body of its kind in the Commonwealth, outside of the UK, it was formed on September 29, 1688 by Royal Charter on the advice of the East India Company. It had 12 Aldermen in all - three Englishmen, three Portuguese, three Jews and three Hindus. What was this body?|The Madras Corporation|The Greater Chennai Corporation is the second oldest corporation in the world,  after the city of London. It has 15 Zones, 200 wards and covers 3 districts.",
        "options": [
          "The Madras Telephone Company" ,
          "The Madras Corporation",
          "The Madras Merchant Association",
          "The Madras Military Regiment"
        ],
        "answer": [1]
      },
      {
        "type": "true-false",
        "question": "Higginbotham's is the oldest bookstore in existence in India|True|An English librarian named Abel Joshua Higginbotham established Higginbotham's in 1844.",
        "answer": true
      },
      {
        "type": "single-select-item",
        "question": "In 1782, a village headman, locally known as a 'maniakarar', established a gruel centre in his garden in Royapuram off Broadway. Soon after the war, the centre became a choultry for the sick and poor people. In 1910, ___________ Hospital was founded here.|Stanley Hospital|",
        "options": [
          "Stanley Hospital" ,
          "Government General Hospital",
          "Egmore Children Hospital",
          "Egmore Maternity Hospital"
        ],
        "answer": [0]
      },
      {
        "type": "fill-blank",
        "question": "Vivekanandar Illam was actually built for Storing ___________ Hint: Still,sometimes, it is called like that|Ice|It is remembered as the place where Swami Vivekananda stayed for nine days when he visited Chennai (then Madras) in 1897. Still, sometimes, it is called as Icehouse.",
        "answer": "Ice"
      },
      {
        "type": "single-select-item",
        "question": "Which \"landmark\" was constructed by the Governor of Madras to provide relief to a famine-stricken Madras in 1876-1878?|Buckingham Canal|The Buckingham Canal is a 796 kilometres (494.6 mi) long freshwater navigation canal, running parallel to the Coromandel Coast of South India from Kakinada in East Godavari district in Andhra Pradesh to Villupuram District in Tamil Nadu.",
        "options": [
          "Madras High Court" ,
          "Buckingham Canal",
          "Grand North Trunk Road",
          "Seven Wells"
        ],
        "answer": [1]
      },
      {
        "type": "four-quarter",
        "question": "This hall is on the banks of cooum, built to commemorate the British victory over Tipu Sultan in the Fourth Anglo-Mysore War. It is in Omanthurar Estate designed on the model of Greek Temple also known as Banqueting Hall. How is it called now?|Rajaji Hall|The Banqueting Hall was constructed between 1800 and 1802 by John Goldingham, an astronomer and engineer with the British East India Company.",
        "options": [
          "Kamarajar Hall",
          "Town Hall",
          "Ripon Building",
          "Rajaji Hall"
        ],
        "answer": [3]
      },
      {
        "type": "true-false",
        "question": "Moore Market, Gandhi Illam and Spencer's, Khalsa Mahal (Chepauk Palace). All these heritage Structures are  lost to flood.|false|All are lost to fire.",
        "answer": false
      },
      {
        "type": "four-quarter",
        "question": "What institution was originally located on the Egmore Museum premises till 1861 when it moved to Park Town, where it remained till 1985. And in 1985, it again moved to GST?|Zoo|It was started by Edward Balfour in 1855. In 1985, it moved to its present site, Vandalur.",
        "options": [
          "Zoo",
          "Park",
          "Theatre",
          "Library"
        ],
        "answer": [0]
      }
    ],
    "scores": [
      0,
      0,
      0,
      0,
      0,

      0,
      0,
      0,
      0,
      0,

      0,
      0,
      0,
      0,
      0,

      0,
      0,
      0,
      0,
      0,

      0,
      0,
      0,
      0,
      0
    ],
    "solved": "false"
  },
  {
    "name": "Roads & Places",
    "id": "roads",
    "theme": "blue",
    "quizzes": [
      {
        "type": "single-select-item",
        "question": "Which is the longest street in Chennai?|Mint Street|Mint Street is one of the prime streets of the commercial centre of George Town in Chennai, India. The street is one of the oldest streets in Chennai. Running north–south, the street connects Poonamallee High Road at Park Town in the south with North Wall Road–Old Jail Road Junction at Washermanpet in the north.",
        "options": [
          "Mint Street",
          "Moore Street",
          "Govindappa Naicken Street",
          "Ranganathan Street"
        ],
        "answer": [0]
      },
      {
        "type": "auto-complete",
        "question": "Where is Bharathiyar Illam?|Triplicane|",
        "answer": "Triplicane"
      },
      {
        "type": "four-quarter",
        "question": "31, Veerasamy street, Seven Wells, Chennai. This was the address of a very famous person for 33 years before he becomes a saint. Who is that great spiritual leader?|Vallalar|Arutprakasa Vallalar Ramalinga adigal was born at Maruthur, Kadalur in 1823. When he was two, his family moved to Chennai. He went on to call it ‘Dharmamigu Chennai’, meaning, city filled with the values of dharma. But he was to be disillusioned soon, leaving the city in 1858, convinced it had become thettiley mikuntha Chennai, implying that the city was beset with degeneration.",
        "options": [
          "Arunagirinathar",
          "Pattinathadikal",
          "Vallalar",
          "Kirubananda variyar"
        ],
        "answer": [2]
      },
      {
        "type": "single-select-item",
        "question": "What are the names of the primary deity and consort of the temple which is at 12 North Mada Street, Mylapore, Madras?|Kapaleeswarar and Karpagambal|",
        "options": [
          "Kapaleeswarar and Karpagambal",
          "Sri Parthasarathy and Rukmani Piratiyar",
          "Aadhipureeswarar and Vadivudaiamman",
          "Ranganatha and Ranganayaki"
        ],
        "answer": [0]
      },
      {
        "type": "toggle-translate",
        "question": "Select which locality to Speciality pairings are correct. Select all the correct pairings|General Patters Road-Auto Components Gandhi Irwin Road-Travel Agencies Richie Street-Electronic Goods|Bells Road - Second hand Two Wheeler Sales. Pudupet - Automobile repair and Second hand Auto Components.",
        "options": [
          [
            "General Patters Road",
            "Auto Components"
          ],
          [
            "Gandhi Irwin Road",
            "Travel Agencies"
          ],
          [
            "Bells Road",
            "Hardware Stores"
          ],
          [
            "Richie Street",
            "Electronic Goods"
          ],
          [
            "Pudupet",
            "Textiles"
          ]
        ],
        "answer": [
          0,
          1,
          3
        ]
      },
      {
        "type": "single-select-item",
        "question": "This is One of the Posh Residential localities of Chennai now and home for lots of Central/State Administrative Officers. But, it was built for some other purpose, originally. Which locality is that?|Kapaleeswarar and Karpagambal|This Colony was originally constructed for the officials and athletes to stay during the 1995 South Asian Federation games. Now the apartments in the village are leased out to different Govt. and Public sector companies. Anna Nagar was developed by the Tamil Nadu Housing Board in the early 1970s following the World Trade Fair in the area in 1968.",
        "options": [
          "Anna Nagar",
          "Mathur MMDA",
          "MMDA Colony",
          "SAF Games Village"
        ],
        "answer": [3]
      },
      {
        "type": "fill-blank",
        "question": "The city of Chennai is divided into 200 divisions in 15 zones. These divisions go by a term often associated with hospitals. What is that term?|Wards|The city is classified into three regions: North Chennai, Central Chennai and South Chennai. It is further divided into 15 zones, consisting of 200 wards. The newly annexed areas were divided into 93 wards, and the remaining 107 wards were created out of the original 155 within the old city limits",
        "end": "s",
        "answer": "ward"
      },
      {
        "type": "single-select-item",
        "question": "This road separates Queen Mary's College from Police Head Quarters. It runs from Kamaraj Promenade to Cathedral Road. What is it?|Dr.Radhakrishnan Salai|Dr.Radhakrishnan Salai formerly called as Edward Elliots Road named after Edward Elliot of Adayar, Son of Hue Elliot, Governor of Madras. Edward Elliot was a magistrate, Besant Nagar Beach also named after him.",
        "options": [
          "Avvai Shanmugam Salai",
          "Bharathi Salai",
          "Dr.Radhakrishnan Salai",
          "Besant Salai"
        ],
        "answer": [2]
      },
      {
        "type": "auto-complete",
        "question": "Find out the missing one\nEzhumbur - Egmore\nThiruvallikeni - Triplicane\nKeezhpakkam - Kilpauk\nKilliyoor - ?|Kelleys|",

        "answer": "Kelleys"
      },
      {
        "type": "toggle-translate",
        "question": "Select which Colonial era names to new name pairings are correct.Select all the correct pairings.|Mount Road-Anna Salai Beach Road-Kamarajar Salai LB Road-Dr.Muthulakshmi Salai|Charmiers Road - Pasumpon Muthuramalinga thevar Road Pycrofts Road - Bharathi Salai",
        "options": [
          [
            "Mount Road",
            "Anna Salai"
          ],
          [
            "Charmiers Road",
            "Bharathi Salai"
          ],
          [
            "Pycrofts Road",
            "Adithanar Salai"
          ],
          [
            "Beach Road",
            "Kamarajar Salai"
          ],
          [
            "LB Road",
            "Dr.Muthulakshmi Salai"
          ]
        ],
        "answer": [
          0,
          3,
          4
        ]
      },
      {
        "type": "toggle-translate",
        "question": "Select which Vehicle Registration Code to Area pairings are correct.Select all the correct pairings|TN-01 - Chennai Central TN-07-Chennai South TN-22-Meenambakkam|TN-11-Tamabaram TN-12-Poonamallee",
        "options": [
          [
            "TN-01",
            "Chennai Central"
          ],
          [
            "TN-07",
            "Chennai South"
          ],
          [
            "TN-15",
            "Tambaram"
          ],
          [
            "TN-12",
            "Ambattur"
          ],
          [
            "TN-22",
            "Meenambakkam"
          ]
        ],
        "answer": [
          0,
          1,
          4
        ]
      },
      {
        "type": "four-quarter",
        "question": "Which locality's postal code is 600028?|R.A. Puram| Raja Annamalaipuram",
        "options": [
          "R.A. Puram",
          "Besant Nagar",
          "Royapuram",
          "Royapettah"
        ],
        "answer": [0]
      },
      {
        "type": "auto-complete",
        "question": "Which place was the birthplace of the Saint Sri Ramanuja in the 11th Century and the home of Hyundai in the 20th Century?|Sriperumbudur|",
        "answer": "Sriperumbudur"
      },
      {
        "type": "single-select-item",
        "question": "G.M.R. Vasavi's 200 MW Diesel Power Plant, the first private sector power plant in Tamil Nadu, is located here. Where is this place, which is the first station a person encounters a few minutes away from Chennai Central Station?|Basin Bridge Railway Station|The station is located at the southern end of the 'diamond' junction at Chennai where all the lines of the Chennai Suburban Railway meet.",
        "options": [
          "Basin Bridge Railway Station",
          "Perambur Carriage Works RS",
          "Royapuram Railway Station",
          "Washermenpet Railway Station"
        ],
        "answer": [0]
      },
      {
        "type": "four-quarter",
        "question": "Where is Ford India Plant located?|Maraimalai Nagar| ",
        "options": [
          "Irungattukottai",
          "Sriperumbudur",
          "Maraimalai Nagar",
          "Oragadam"
        ],
        "answer": [2]
      },
      {
        "type": "four-quarter",
        "question": "This MRTS Station is almost on the premises of Queen Mary's College. What is it?|Light House| ",
        "options": [
          "Thiruvallikeni",
          "Light House",
          "Thirumayilai",
          "Chepauk"
        ],
        "answer": [1]
      },
      {
        "type": "four-quarter",
        "question": "The christening of Vyasarpadi Jeeva Railway station is unique since Vyasarpadi is the name of the place and Jeeva is the name of veteran socialist leader Jeevanandam who lived there. Another one railway station in Chennai also has this unique naming convention. Which is it?|Maraimalai Nagar|Its full name is Maraimalai Nagar-Kamarajar Railway Station ",
        "options": [
          "Indira Nagar",
          "Pattabiram E Depot",
          "Urapakkam",
          "Maraimalai Nagar"
        ],
        "answer": [3]
      },
      {
        "type": "single-select-item",
        "question": "The MTC bus Route which has the most number of buses is 29C. Which two termini are connected by 29C?|Perambur and Besant Nagar/Thiruvanmiyur|Interestingly, White board buses halts at Besant Nagar. But, Deluxe buses halts at Thiruvanmiyur. Both has same route number.",
        "options": [
          "Perambur and Anna Square",
          "Perambur and Guindy TVK Estate",
          "Perambur and T.Nagar",
          "Perambur and Besant Nagar/Thiruvanmiyur"
        ],
        "answer": [3]
      },
      {
        "type": "four-quarter",
        "question": "This is the longest service provided by MTC with more than 30 Stages. Terminus to Terminus distance is about 75 Kms. What is the route number of this service? Hint:Kanchipuram|576|T.Nagar to Kancheepuram. Another close one is 500B. Broadway to Chengalpattu",
        "options": [
          "29C",
          "21G",
          "D70",
          "576"
        ],
        "answer": [3]
      },
      {
        "type": "four-quarter",
        "question": "Which bus stop will you alight if you want to go to Spencer Planza?|TVS|TVS is the closest stop",
        "options": [
          "LIC",
          "Shanthi",
          "TVS",
          "DMS"
        ],
        "answer": [2]
      },
      {
        "type": "four-quarter",
        "question": "If Anna Nagar is Naduvankarai, then KK Nagar is ______________|Nesapakkam|",
        "options": [
          "Aminjikarai",
          "Mambalam",
          "Koyambedu",
          "Nesapakkam"
        ],
        "answer": [3]
      }
    ],
    "scores": [
      0,
      0,
      0,
      0,
      0,

      0,
      0,
      0,
      0,
      0,

      0,
      0,
      0,
      0,
      0,

      0,
      0,
      0,
      0,
      0,

      0

    ],
    "solved": "false"
  },
  {
    "name": "Nature",
    "id": "nature",
    "theme": "green",
    "quizzes": [
      {
        "type": "single-select-item",
        "question": "Which is the tallest hill in the city?|Tirusulamalai|",
        "options": [
          "St.Thomas Mount",
          "Thiruneermalai",
          "Tirusulamalai",
          "Tiruttani malai"
        ],
        "answer": [2]
      },
      {
        "type": "four-quarter",
        "question": "Which is the largest lake in Chennai in terms of water capacity?|Sembarambkkam|",
        "options": [
          "Sembarambkkam",
          "Porur",
          "Poondi",
          "Puzhal"
        ],
        "answer": [0]
      },
      {
        "type": "single-select-item",
        "question": "What is the name of the largest island formed by Adyar river and one of its estuaries near its estuary? Hint: Cemetery|Quibble Island|Island Grounds is in Cooum estuary. Rest are all Adyar Estuary Islands",
        "options": [
          "Island Grounds",
          "Quibble Island",
          "Whale Island",
          "Battle of Adyar Island"
        ],
        "answer": [1]
      },
      {
        "type": "auto-complete",
        "question": "Where is the only surviving,under siege, wetland ecosystem of the city?|Pallikaranai|",
        "answer": "Pallikaranai"
      },
      {
        "type": "single-select-item",
        "question": "This guest visits Chennai from December to February every year. Who is that?|Olive Ridley sea Turtles|",
        "options": [
          "Olive Ridley sea Turtles",
          "Green sea Turtle",
          "Leatherback Turtle",
          "Loggerhead Turtle"
        ],
        "answer": [0]
      },
      {
        "type": "four-quarter",
        "question": "Because of which cyclone did MT Pratibha Cauvery Ship run aground near Merina Beach in October 2012?|Cyclone Nilam|",
        "options": [
          "Cyclone Nilam",
          "Cyclone Thane",
          "Cyclone Jal",
          "Cyclone Laila"
        ],
        "answer": [0]
      },
      {
        "type": "four-quarter",
        "question": "Adyar river Originates from _______________|Sembarambakkam|",
        "options": [
          "Puzhal",
          "Porur",
          "Poondi",
          "Sembarambkkam"
        ],
        "answer": [3]
      },
      {
        "type": "single-select-item",
        "question": "Where does Kosasthalaiyar river meet the Bay of Bengal?|Ennore Creek|",
        "options": [
          "Adyar Estuary",
          "Okkiyam Maduvu",
          "Ennore Creek",
          "Pazhaverkadu Lake"
        ],
        "answer": [2]
      },
      {
        "type": "single-select-item",
        "question": "Once, this was one of the three rivers of Chennai. It is a part of Buckingham Canal now and no more called by its original name. Which river is that?|Ezhumbur river|",
        "options": [
          "Ezhumbur river",
          "Velacheri river",
          "Otteri nala",
          "Kotralai river"
        ],
        "answer": [0]
      },
      {
        "type": "picker",
        "question": "What is the average elevation of Chennai City in feets?|20 ft|",
        "min": 0,
        "max": 25,
        "step": 5,
        "answer": 20
      },
      {
        "type": "four-quarter",
        "question": "At What time did Tsunami Strike Chennai?",
        "options": [
          "9:05 AM",
          "8:05 AM",
          "10:05 AM",
          "11:05 AM"
        ],
        "answer": [0]
      },
      {
        "type": "four-quarter",
        "question": "Chennai is the only urban area in India where greater flamingo, black baza, osprey, Eurasian eagle-owl and pied avocet can be seen right in the city. Identify the bird from the pic.|Greater Flamingo|Let's welcome these guests by protecting the Bio-diversity hotspots in and around the City#flamingo",
        "options": [
          "Greater Flamingo",
          "Osprey",
          "Piet avocet",
          "Lesser flameback"
        ],
        "answer": [0]
      }
    ],
    "scores": [
      0,
      0,
      0,
      0,
      0,
      0,
      0,
      0,
      0,
      0,
      0,
      0
    ],
    "solved": "false"
  },
  {
    "name": "Arts",
    "id": "arts",
    "theme": "purple",
    "quizzes": [
      {
        "type": "single-select-item",
        "question": "She is considered the most important revivalist in the Indian classical dance form of Bharatnatyam from its original 'sadhir' style and also the founder of \"Kalakshetra Foundation\" Who is that?|Rukmini Devi Arundale|",
        "options": [
          "Padma subrahmanyam",
          "Rukmini Devi Arundale",
          "Meenakshi Sundaram Pillai",
          "Balasaraswati"
        ],
        "answer": [1]
      },
      {
        "type": "single-select-item",
        "question": "______________was established in 1966 by K.C.S. Paniker, is the largest artists' commune in India. Its artists are credited for the Madras Movement of Art (1950s–1980s), which brought modernism to art in South India. It is in ECR.|Cholamandal Artists' Village|",
        "options": [
          "Cholamandal Artists' Village",
          "Lalitkala Academy",
          "Dakshinachitra",
          "Madras Artists' Village"
        ],
        "answer": [0]
      },
      {
        "type": "auto-complete",
        "question": "Tamil Cinema got its nickname 'Kollywood', because of this area. Which area is that?|Kodambakkam|",

        "answer": "Kodambakkam"
      },
      {
        "type": "fill-blank",
        "question": "This is the oldest surviving studio in India. Which production house has this distinction?|AVM Productions|",
        "end": "productions",
        "answer": "AVM"
      },
      {
        "type": "single-select-item",
        "question": "Founded in 1850, this is the oldest art institution in the country. What is it?|Government College of Fine Arts,Chennai|",
        "options": [
          "Kalakshetra Foundation",
          "Cholmandal Artists' Village",
          "Mamalla Artists' Village",
          "Government College of Fine Arts,Chennai"
        ],
        "answer": [3]
      },
      {
        "type": "single-select-item",
        "question": "Commemorating the Country's first ever May day rally held in Merina Beach in 1923, the Labour statue(Uzhaipalar Silai) was erected. It was sculpted by Debi Prasad Roy Chowdhry. What is the official name of this beautiful statue?|Triumph of Labour|",
        "options": [
          "Victory of Labour",
          "Triumph of Labour",
          "Hardship of Labour",
          "May day"
        ],
        "answer": [1]
      },
      {
        "type": "four-quarter",
        "question": "Folksong of Chennai is called as ___________|Gaanaa|",
        "options": [
          "Cinema Pattu",
          "Kuthu Pattu",
          "Gaanaa",
          "Nattupura Pattu"

        ],
        "answer": [2]
      },
      {
        "type": "multi-select",
        "question": "Out of 10 statues of icons of Tamil literature, erected on the occasion of world Tamil conference in 1968, three are of Europeans. Who are they?|Robert Caldwell Veerama munivar G.U.Pope|",
        "options": [
          "Robert Caldwell",
          "Francis Whyte Ellis",
          "Veerama munivar",
          "G.U.Pope",
          "Alain Danielou"
        ],
        "answer": [
          0,
          2,
          3
        ]
      },
      {
        "type": "four-quarter",
        "question": "This Tamil Language film holds the record of being the first film to run continuously for 110 weeks(not days, weeks!) at a single theatre. Which film is that?|Haridas|Haridas came to screen on 1944 Deepavali at the Broadway Theatre. It ran till 1946. It saw 3 Deepavalis. Cast included 'Tamil's first Super Star' Thiyagaraja Bhagavathar",
        "options": [
          "Thiruneelakantar",
          "Thiruvilayadal",
          "Haridas",
          "Endhiran"

        ],
        "answer": [2]
      },

      {
        "type": "four-quarter",
        "question": "Who is the first tamil actor to win a National Award for the Best Actor Category?|Evergreen MG Ramachandran|He won it for 'Rikshawkaram' in 1971.",
        "options": [
          "Sivaji Ganesh",
          "MK Thyagaraja Bhagavathar",
          "MG Ramachandran",
          "PU Chinnappa"
        ],
        "answer": [2]
      },
      {
        "type": "four-quarter",
        "question": "She was the first musician ever to be awarded the Bharat Ratna. Which great Singer am I talking about?|MS Subbulakshmi|She was also the first Indian musician to receive the Ramon Magsaysay award, often considered Asia's Nobel Prize. She along with her contemporaries D.K.Pattammal and M.L.Vasanthakumari were (and still are) popularly referred to as the Female trinity of Carnatic Music.",
        "options": [
          "M.L.Vasanthakumari",
          "D.K.Pattammal",
          "N.C.Vasanthakokilam",
          "M.S.Subbulakshmi"

        ],
        "answer": [3]
      },
      {
        "type": "multi-select",
        "question": "'The Mozart of Madras' Isai Puyal A.R.Rahman won 2 Academy awards in two Categries. What are they? |Best Original Song and  Best Original Score|Rahman's works are noted for integrating Eastern classical music with electronic music, world music and traditional orchestral arrangements. Among his awards are two Academy Awards, two Grammy Awards, a BAFTA Award, a Golden Globe, four National Film Awards, fifteen Filmfare Awards and thirteen Filmfare Awards South.",
        "options": [
          "Best Original Song",
          "Best Original BGM",
          "Best Original Score",
          "Best Original Musical"
        ],
        "answer": [
          0,
          2
        ]
      },
      {
        "type": "four-quarter",
        "question": "The first Indian actor to receive an International award is from Tamil Cinema.But, he was never given a National award for Best Actor, including the year that he won International award. Who is that great legendary actor?|Sivaji Ganesan|Sivaji Ganesan's performance as Kattabomman earned him an international award as the Best Actor at the 1960 Afro-Asian Film Festival. On hearing of Ganesan's return from Cairo, fellow actor M. G. Ramachandran, who also served as the president of the South Indian Actors Guild organised a huge reception in Chennai to welcome him. Sivaji won one National Award-Special Jury award, very much later in his career",
        "options": [
          "Sivaji Ganesh",
          "MK Thyagaraja Bhagavathar",
          "MG Ramachandran",
          "PU Chinnappa"
        ],
        "answer": [0]
      },
      {
        "type": "four-quarter",
        "question": "Which dynasty built Mamallapuram?|Pallava|The temples of Mahabalipuram, portraying events described in the Mahabharata, were built largely during the reigns of Narasimhavarman and his successor Rajasimhavarman and show the movement from rock-cut architecture to structural building. The city of Mahabalipuram was largely developed by the Pallava king Narasimhavarman I in the 7th century AD.",
        "options": [
          "Chola",
          "Pandya",
          "Chera",
          "Pallava"

        ],
        "answer": [3]
      },
      {
        "type": "four-quarter",
        "question": "Madras Music Season is one of the largest music festival in the world, with a total of around 1500 individual performances by various renowned and amateur artists across the span of one and a half months. Name the Tamil month when this festival is conducted.|Margazhi|",
        "options": [
          "Chithirai",
          "Thai",
          "Panguni",
          "Marghazhi"

        ],
        "answer": [3]
      }
    ],
    "scores": [
      0,
      0,
      0,
      0,
      0,

      0,
      0,
      0,
      0,
      0,

      0,
      0,
      0,
      0,
      0
    ],
    "solved": "false"
  },
  {
    "name": "Connection",
    "id": "connection",
    "theme": "red",
    "quizzes": [
      {
        "type": "auto-complete",
        "question": "Connection: Connect and find the Area name in Chennai|Adyar|Adai - Aaru#adai#aaru",
        "answer": "Adyar"
      },
      {
        "type": "auto-complete",
        "question": "Connection: Connect and find the Area name in Chennai|Egmore|Egg - More#eg#more",
        "answer": "Egmore"
      },
      {
        "type": "auto-complete",
        "question": "Connection: Connect and find the Area name in Chennai|Kathipara|Kathi - Para#kathi#para",
        "answer": "Kathipara"
      },
      {
        "type": "auto-complete",
        "question": "Connection: Connect and find the Area name in Chennai|Kodambakkam|Ko - dam - pak - come#ko#dam#pak#kam",
        "answer": "Kodambakkam"
      },
      {
        "type": "auto-complete",
        "question": "Connection: Connect and find the Area name in Chennai|Manali|Manal - ee#manal#ee",
        "answer": "Manali"
      },
      {
        "type": "auto-complete",
        "question": "Connection: Connect and find the Area name in Chennai|Mandaveli|Manda - vali#manda#vali",
        "answer": "Mandaveli"
      },
      {
        "type": "auto-complete",
        "question": "Connection: Connect and find the Area name in Chennai|Mangadu|Maan - kaadu#maan#kadu",
        "answer": "Mangadu"
      },
      {
        "type": "auto-complete",
        "question": "Connection: Connect and find the Area name in Chennai|Mogappair|Mugam - pair#muga#pair",
        "answer": "Mogappair"
      },
      {
        "type": "auto-complete",
        "question": "Connection: Connect and find the Area name in Chennai|Moolakadai|Moola - kadai#moola#kadai",
        "answer": "Moolakadai"
      },
      {
        "type": "auto-complete",
        "question": "Connection: Connect and find the Area name in Chennai|Neelankarai|Nee - lawn - karai#nee#laan#karai",
        "answer": "Neelankarai"
      },
      {
        "type": "auto-complete",
        "question": "Connection: Connect and find the Area name in Chennai|Palavakkam|Paal - Walk - Come#paal#vaak#kam",
        "answer": "Palavakkam"
      },
      {
        "type": "auto-complete",
        "question": "Connection: Connect and find the Area name in Chennai|Porur|Por - Oor#por#oor",
        "answer": "Porur"
      },
      {
        "type": "auto-complete",
        "question": "Connection: Connect and find the Area name in Chennai|Purasawalkam|Poo - rasam - walk - come#poo#rasa#vaak#kam",
        "answer": "Purasawalkam"
      },
      {
        "type": "auto-complete",
        "question": "Connection: Connect and find the Area name in Chennai|Sowcarpet|Sow - Car - Pet#sow#car#pet",
        "answer": "Sowcarpet"
      },

      {
        "type": "auto-complete",
        "question": "Connection: Connect and find the Area name in Chennai|Taramani|Tharai - Money#thara#money",
        "answer": "Taramani"
      },
      {
        "type": "auto-complete",
        "question": "Connection: Connect and find the Area name in Chennai|Teynampet|Then - Aam - Pet#then#aam#pet",
        "answer": "Teynampet"
      },
      {
        "type": "auto-complete",
        "question": "Connection: Connect and find the Area name in Chennai|Tirusulam|Thiru - Soolam#thiru#soolam",
        "answer": "Tirusulam"
      },
      {
        "type": "auto-complete",
        "question": "Connection: Connect and find the Area name in Chennai|Thiruverkadu|Thiru - Ver - Kaadu#thiru#ver#kadu",
        "answer": "Thiruverkadu"
      },
      {
        "type": "auto-complete",
        "question": "Connection: Connect and find the Area name in Chennai|Velacheri|Velai - Chair - ee#vela#cher#ee",
        "answer": "Velachery"
      },
      {
        "type": "auto-complete",
        "question": "Connection: Connect and find the Area name in Chennai|Washermenpet|Washer - Men - Pet#washer#men#pet",
        "answer": "Washermanpet"
      },
      {
        "type": "auto-complete",
        "question": "Connection: Connect and find the Area name in Chennai|Kottivakkam|Kottu - Walk - Come#kotti#vaak#kam",
        "answer": "Kottivakkam"
      },
      {
        "type": "auto-complete",
        "question": "Connection: Connect and find the Area name in Chennai|Red Hills|Red - Hills#red#hills",
        "answer": "Red Hills"
      },
      {
        "type": "auto-complete",
        "question": "Connection: Connect and find the Area name in Chennai|Mugalivakkam|Mugam - Lee - Walk - Come#muga#li#vaak#kam",
        "answer": "Mugalivakkam"
      },
      {
        "type": "auto-complete",
        "question": "Connection: Connect and find the Area name in Chennai|Villivakkam|Villi - Walk - come#villi#vaak#kam",
        "answer": "Villivakkam"
      }
    ],
    "scores": [
      0,
      0,
      0,
      0,
      0,
      0,
      0,
      0,
      0,
      0,
      0,
      0,
      0,
      0,
      0,
      0,
      0,
      0,
      0,
      0,
      0,
      0,
      0,
      0
    ],
    "solved": "false"
  },
  {
    "name": "Sports",
    "id": "sports",
    "theme": "purple",
    "quizzes": [
      {
        "type": "fill-blank",
        "question": "Which are the only two Test playing nations that haven't played a Test in Chennai?|Zimbabwe Bangladesh|",
        "start":"Zimbabwe and",
        "answer": "Bangladesh"
      },
      {
        "type": "four-quarter",
        "question": "The Second ever Tied Test in the history of the game happened at Chepauk in 1986. Who was the opponent against India in that match?|Australia|The 1986 India-Australia match held at Cheupak was only the second ever Tied Test in the history of the game. ",
        "options": [
          "Pakistan",
          "West Indies",
          "Australia",
          "England"
        ],
        "answer": [2]
      },
      {
        "type": "picker",
        "question": "The M. A. Chidambaram Stadium (formerly known as Madras Cricket Club ground or Chepauk Stadium) in Chepauk and popularly called the MAC, is one of the oldest cricket stadiums in India. When was it built?|1916|",
        "min": 1910,
        "max": 1920,
        "answer": 1916
      },
      {
        "type": "four-quarter",
        "question": "Chennai's MRF Pace Foundation is one of the World's renowned coaching clinic for fast bowlers. One of these players trained here to become a fast bowler but, later became famed in another department|Sachin Tendulkar|Sachin Tendulkar in his School days trained in the MRF Pace Foundation to become a fast bowler. Some of the players trained at the Foundation are Zaheer Khan, Shanthakumaran Sreeshanth, Chaminda Vaas, Henry Olonga, Heath Streak and Australian fast bowlers Glenn McGrath, Mitchell Johnson and Brett Lee.",
        "options": [
          "Jhonty Rhodes",
          "Sachin Tendulkar",
          "Saurav Ganguly",
          "MS Dhoni"
        ],
        "answer": [1]
      },
      {
        "type": "four-quarter",
        "question": "Chennai Open is the India's Only ATP World Tour Stop. This Swiss player won three consecutive Men's Singles title. Who is that?|Stan Wawrinka|In January 2015, Wawrinka was crowned champion of the Chennai Open for the third time running. Earlier he won the title in 2011.",
        "options": [
          "Carlos Moya",
          "Pat Raffer",
          "Stan Wawrinka",
          "Maran Cilic"
        ],
        "answer": [2]
      },
      {
        "type": "four-quarter",
        "question": "As of 2015, the only carrom player to have received Arjuna award is from Chennai. Identify this two-time World Champion and nine-time National Champion:|A. Maria Irudayam|A. Maria Irudayam was awarded the prestigious Arjuna Award in  1996. I. Ilavazhagi has won World Championship thrice. R.Arockiaraj who won many international and national Carrom competitions is also from Chennai. Revathy has won 1995 World women's title. ",
        "options": [
          "A. Maria Irudayam",
          "I. Ilavazhagi",
          "R.Arockiaraj",
          "Revathy"
        ],
        "answer": [0]
      },
      {
        "type": "single-select-item",
        "question": "______________ made a record at Chepauk, scoring his 30th test match century breaking Don Bradman's record for the most centuries in test cricket.He made an another record at Chepauk by appearing in his 100th Consecutive Test match|Sunil Gavaskar|Sunil Gavaskar surpassed Don Bradman's record in 1983. Gavaskar has 34 centuries totally. He appeared in his 100th Consecutive Test match in 1986. ",
        "options": [
          "Steve Waugh",
          "Brian Lara",
          "Sachin Tendulkar",
          "Sunil Gavaskar "
        ],
        "answer": [3]
      },
      {
        "type": "four-quarter",
        "question": "Virender Sehwag scored his fastest triple century against South Africa, in April 2008 at M. A. Chidambaram Stadium in Chennai. How many balls he faced to achieve this milestone?|278|Sehwag totally scored 319 out of 304 balls with a strike rate of 104.93. Brian Lara, Chris Gayle, Donald Bradman and Virender Sehwag are the only batsmen to reach 300 more than once.",
        "options": [
          "278",
          "298",
          "268",
          "288"
        ],
        "answer": [0]
      },
      {
        "type": "four-quarter",
        "question": "This Ace Chess Player from Chennai  has won more medals for India in the Chess Olympiads than any other player.|S.Vijayalakshmi|Subbaraman Vijayalakshmi holds the FIDE titles of International Master and Woman Grandmaster, the first female player from India to achieve these titles. ",
        "options": [
          "Viswanathan Anand",
          "S.Vijayalakshmi",
          "MR Venkatesh",
          "K. SasiKiran"
        ],
        "answer": [1]
      },

      {
        "type": "picker",
        "question": "How many months did India's first Grand Master and Five times world Champion Vishwanathan Anand held number one position?|21 months|Viswanathan Anand is a five-time World Chess Champion.",
        "min": 10,
        "max": 25,
        "answer": 21
      },
      {
        "type": "four-quarter",
        "question": "Under this Chennaite's captaincy, Indian hockey team had restored its former Supremacy and won 1980 Moscow Olympic Gold Medal. Name this finest hockey player from Chennai.|Vasudevan Baskaran|Vasudevan Baskaran is the only TN player who led India to Olympic gold (1980).",
        "options": [
          "VJ Peter",
          "Vasudevan Baskaran",
          "VJ Philips",
          "Ranganathan Francis"
        ],
        "answer": [1]
      },
      {
        "type": "fill-blank",
        "question": "Chennai has two 18 pole Golf courses. One is in Gymkhana Club. The other one is in|Cosmopolitan|",
        "end": "club",
        "answer": "Cosmopolitan"
      },

      {
        "type": "single-select-item",
        "question": "Before the Irungattukottai Track was built, Sholavaram track was the major race track. Now this is used for RC Flying. But, originally this was created as|An Airstrip during World war II|The race track once used to be an air strip during World War II; racing events were conducted between the early 60's and well into the late 80's.",
        "options": [
          "An Airstrip during World war II",
          "Lorry Parking Bay",
          "Boating club area in Sholavaram Lake",
          "Motor Vehicle Testing Track"
        ],
        "answer": [0]
      },
      {
        "type": "toggle-translate",
        "question": "Find the wrong one.Select all the wrong pairings|Mayor Radhakrishnan Stadium|Mayor Radhakrishnan Stadium is a field hockey stadium at Chennai, Tamil Nadu, India. Named after M. Radhakrishna Pillai, it was the venue to the 1996 Men's Champions Trophy, and hosted the tournament again in December 2005",
        "options": [
          [
            "Jawaharlal Nehru Stadium",
            "Sports Complex"
          ],
          [
            "Mayor Radhakrishnan Stadium",
            "Football"
          ],
          [
            "Rajarathinam Stadium",
            "Police Parade"
          ],
          [
            "MRF Pachyappas Ground",
            "Sports Complex"
          ],
          [
            "MA Chidambaram Stadium",
            "Cricket"
          ]

        ],
        "answer": [
          1
        ]
      },
      {
        "type": "single-select-item",
        "question": "Identify the cricket Stadium which was stated as one of the scenic grounds in the country by Sachin. Of course, it is in our Chennai|Chemplast Stadium, IIT Madras|Chemplast Cricket Ground or Indian Institute of Technology Chemplast Ground is a cricket ground in the IIT Madras campus. The ground has hosted eight Women's cricket ODI. The first match record at ground was in 2003 India Women's and New Zealand Women's.",
        "options": [
          "Chemplast Stadium, IIT Madras",
          "MAC Stadium",
          "Guru Nanak College Cricket Ground",
          "Nehru Stadium"
        ],
        "answer": [0]
      },
      {
        "type": "single-select-item",
        "question": "Guindy Race Course is the Oldest race course in India set up in 1777. Soon after racing had begun in the 1770s, it became irregular and almost stopped due to One Incident. What was that?|Fear of Invasion of Hyder Ali|The Madras Race Club was officially constituted in 1837.  In 1966, the Madras Race Club became an independent turf authority. The club now has about 625 horses in station, three stands and boasts of the best race track in the country.",
        "options": [
          "Fear of Invasion of Chaththrapathi Sivaji",
          "Fear of Invasion of French",
          "Heavy Flood",
          "Fear of Invasion of Hyder Ali"
        ],
        "answer": [3]
      },
      {
        "type": "single-select-item",
        "question": " ______________ holds the Guinness World record for the first person to win 100 Classics.|Raja M. A. M. Ramaswamy|Raja M. A. M. Ramaswamy was the first to enter the Guinness Book of World Records for winning a 100 classics; he went on to win 500 more. He owned close to 1,000 horses at one point, the largest number under a single owner in the country. His selection and knowledge of horse-flesh was legendary.",
        "options": [
          "Raja M. A. M. Ramaswamy",
          "Raja Sir Alagappa Chettiar",
          "Raja Sir Annamalai Chettiar",
          "Raja Sir Muthaiah Chettiar"
        ],
        "answer": [0]
      },
      {
        "type": "single-select-item",
        "question": "Which is the home ground of Chennaiyin FC in ISL?|Jawaharlal Nehru Stadium|",
        "options": [
          "Jawaharlal Nehru Stadium",
          "Mayor Radhakrishnan Stadium",
          "Rajarathinam Stadium",
          "MRF Pachyappas Ground"
        ],
        "answer": [0]
      },
      {
        "type": "four-quarter",
        "question": "The highest score in ODI at MAC is by a Pakistan Player. Who is that?|Saeed Anwar|saeed Anwar scored 194 on 21st May 1997 against India",
        "options": [
          "Inzamam-ul-Haq",
          "Saeed Anwar",
          "Sahid Afridi",
          "Shoib Malik"
        ],
        "answer": [1]
      },
      {
        "type": "four-quarter",
        "question": "This is one of the Surfing Hotspots in India. It is also celebrated as the first surfing village in India, attracting surfers and visitors from all over the world. Where is it?|Kovalam|",
        "options": [
          "Muttukadu",
          "Injambakkam",
          "Kovalam(Covelong)",
          "Neelankarai"
        ],
        "answer": [2]
      }
    ],
    "scores": [
      0,
      0,
      0,
      0,
      0,
      0,
      0,
      0,
      0,
      0,
      0,
      0,
      0,
      0,
      0,
      0,
      0,
      0,
      0,
      0
    ],
    "solved": "false"
  },
  {
    "name": "Madras Bashai",
    "id": "madras",
    "theme": "green",
    "quizzes": [
      {
        "type": "four-quarter",
        "question": "In Street Cricket, the bowler has to say something loud before he is going to bowl the last ball of the over.What is it?|laaball| Laabaal means Last Ball of the over",
        "options": [
          "Last Ball",
          "Laabaal",
          "Lastu",
          "Kadasi ball"
        ],
        "answer": [1]
      },
      {
        "type": "four-quarter",
        "question": "How does an easy delivery that allows the batsman to go for a huge shot is called?|OB Bandhu|",
        "options": [
          "AP ball",
          "BP ball",
          "OB ball",
          "Easy ball"
        ],
        "answer": [2]
      },
      {
        "type": "four-quarter",
        "question": "How does a defensive stroke is called?|Dokku|",
        "options": [
          "Local Sixer",
          "Strokeu",
          "Dokku",
          "thottu vidrathu"
        ],
        "answer": [2]
      },
      {
        "type": "four-quarter",
        "question": "OC means free of Cost. But, What is OC actually?|On Company's Service|Letters posted on behalf of the East India Company did not bear postage stamps, but had the words `On Company's Service' or `OC' written on them. In course of time `OC' in Madras slang came to mean `free.'",
        "options": [
          "Officers' Camp",
          "Offer Cost",
          "Opening Cost",
          "On Company's Service"
        ],
        "answer": [
          3
        ]
      },
      {
        "type": "four-quarter",
        "question": "What is the exact technical term for foul play in Chennai?|Bongu Attam|",
        "options": [
          "Foul aattam",
          "Thappu aattam",
          "Cheating Aattam",
          "Bongu Aattam"
        ],
        "answer": [3]
      },
      {
        "type": "four-quarter",
        "question": "'Kaima Panruven'- Kaima has it root from this language.|Urdu|Root word is Keema. Keema means chopped in Urdu",
        "options": [
          "Sanskrit",
          "Greek",
          "Urdu",
          "Sinhalese"
        ],
        "answer": [2]
      },
      {
        "type": "four-quarter",
        "question": "Fill up the blank with the best Madras Tamil Word to describe a boring movie.|mokka|Can also be said as 'Blaydu Padam'. Mokka is the superlative of Blaydu",
        "options": [
          "Semma Padam",
          "Bejaar Padam",
          "Aruva Padam",
          "Mokka Padam"
        ],
        "answer": [3]
      },
      {
        "type": "fill-blank",
        "question": "If Peter is for boys. What is it for girls?|Mary|Persons of Tamil origin who speak English in preference to the Tamil language even to Tamilians, especially if his/her intention is to impress others.",
        "answer": "Mary"
      },
      {
        "type": "four-quarter",
        "question": "Here are some of the Madras Tamil words derived from Classical Tamil but one. Find that Odd one|Bejaar|Bejaar is derived from 'Badger' meaning irritated, used by english while they were being irritated by hawkers.'Don't Badger me' Semma <> Semmai. Alekha <> Azhaga. Pannada <> Pannadai(a layer which filters bad elements from toddy in palm tree)",
        "options": [
          "Semma",
          "Bejaar",
          "Aleka",
          "Pannada"
        ],
        "answer": [1]
      },
      {
        "type": "multi-select",
        "question": "Select all the correct pairs||Merasalayiten means Stunned or Scared. Vetti is Lazy but,Vetti Scene is Show off. Oothiduchi means spilled but Oothikichu means failed",
        "options": [
          "Kaleej <> Untidy",
          "Allu ille <> Scared",
          "Merasalayiten <> Very Happy",
          "Mannu <> Waste",
          "Vetti Scene <> Lazy fellow",
          "Oothikuchu <> Spilled out"
        ],
        "answer": [
          0,
          1,
          3
        ]
      }
    ],
    "scores": [
      0,
      0,
      0,
      0,
      0,

      0,
      0,
      0,
      0,
      0
    ],
    "solved": "false"
  }
]
