﻿<?xml version="1.0" encoding="utf-8"?>
<rss version="2.0">
    <channel>
        <title>வத்திக்கான் வானொலி</title>
        <link>http://ta.radiovaticana.va</link>
        <description>உலகோடு உரையாடலில் திருத்தந்தை மற்றும் திருஅவையின் குரல்</description>
        <copyright>உரிமம் 2005 - வத்திக்கான் வானொலி</copyright>
        <language>ta</language>
        <managingEditor>webteam@vatiradio.va</managingEditor>
        <webMaster>webteam@vatiradio.va</webMaster>
        <lastBuildDate>16/09/2016 04:18:34</lastBuildDate>
            <category domain="http://ta.radiovaticana.va/news/திருத்தந்த-பிரான்சிஸ்/நிகழ்வுகள்">நிகழ்வுகள்</category>
            <category domain="http://ta.radiovaticana.va/news/திருத்தந்த-பிரான்சிஸ்/உரைகள்">உரைகள்</category>
            <category domain="http://ta.radiovaticana.va/news/திருத்தந்த-பிரான்சிஸ்/மறையுரைகள-">மறையுரைகள் </category>
            <category domain="http://ta.radiovaticana.va/news/திருத்தந்த-பிரான்சிஸ்/மறைக்கல்வ-மூவேள-உர">மறைக்கல்வி, மூவேளை உரை </category>
            <category domain="http://ta.radiovaticana.va/news/திருத்தந்த-பிரான்சிஸ்/எழுத்த-வடிவில்">எழுத்து வடிவில்</category>
            <category domain="http://ta.radiovaticana.va/news/திருத்தந்த-பிரான்சிஸ்/பயணங்கள்">பயணங்கள்</category>
            <category domain="http://ta.radiovaticana.va/news/வத்திக்கான்/நிகழ்வுகள">நிகழ்வுகள் </category>
            <category domain="http://ta.radiovaticana.va/news/வத்திக்கான்/உரைகள">உரைகள் </category>
            <category domain="http://ta.radiovaticana.va/news/வத்திக்கான்/அறிக்கைகள்">அறிக்கைகள்</category>
            <category domain="http://ta.radiovaticana.va/news/வத்திக்கான்/மன்றங்கள்">மன்றங்கள்</category>
            <category domain="http://ta.radiovaticana.va/news/திருஅவை/திருஅவ-உலகம்">உலகம்</category>
            <category domain="http://ta.radiovaticana.va/news/திருஅவை/ஆசியா">ஆசியா</category>
            <category domain="http://ta.radiovaticana.va/news/திருஅவை/இந்திய-இலங்கை">இந்தியா, இலங்கை</category>
            <category domain="http://ta.radiovaticana.va/news/திருஅவை/உரையாடல்">உரையாடல்</category>
            <category domain="http://ta.radiovaticana.va/news/திருஅவை/நீதிப-பணி">நீதிப் பணி</category>
            <category domain="http://ta.radiovaticana.va/news/திருஅவை/பிறரன்புப-பணி">பிறரன்புப் பணி</category>
            <category domain="http://ta.radiovaticana.va/news/திருஅவை/சிறப்ப-ஆண்டு">சிறப்பு ஆண்டு</category>
            <category domain="http://ta.radiovaticana.va/news/உலகம்/குடும்பம்">குடும்பம்</category>
            <category domain="http://ta.radiovaticana.va/news/உலகம்/மனித-உரிமைகள்">மனித உரிமைகள்</category>
            <category domain="http://ta.radiovaticana.va/news/உலகம்/சுற்றுச்சூழல்">சுற்றுச்சூழல்</category>
            <category domain="http://ta.radiovaticana.va/news/உலகம்/கல-கலாச்சாரம்">கலை, கலாச்சாரம்</category>
            <category domain="http://ta.radiovaticana.va/news/உலகம்/அரசியல-பொருளாதாரம்">அரசியல், பொருளாதாரம்</category>
            <category domain="http://ta.radiovaticana.va/news/உலகம்/அறிந்த-கொள்வோம்">அறிந்து கொள்வோம்</category>
            <category domain="http://ta.radiovaticana.va/news/வார-ஒலிபரப்பு/முதல-நிமிடம்">முதல் நிமிடம்</category>
            <category domain="http://ta.radiovaticana.va/news/வார-ஒலிபரப்பு/விவிலியம்">விவிலியம்</category>
            <category domain="http://ta.radiovaticana.va/news/வார-ஒலிபரப்பு/நேர்காணல்">நேர்காணல்</category>
            <category domain="http://ta.radiovaticana.va/news/வார-ஒலிபரப்பு/ஞாயிற-சிந்தனை">ஞாயிறு சிந்தனை</category>
            <category domain="http://ta.radiovaticana.va/news/வார-ஒலிபரப்பு/அமைதிப-பணி">அமைதிப் பணி</category>
            <category domain="http://ta.radiovaticana.va/news/வார-ஒலிபரப்பு/சமூக-ஆய்வு">சமூக ஆய்வு</category>
            <category domain="http://ta.radiovaticana.va/news/வார-ஒலிபரப்பு/இரக்கத்தின-தூதர்கள்">இரக்கத்தின் தூதர்கள்</category>
        <generator>Webteam</generator>
        <ttl>180</ttl>
        <image>
            <url>http://www.radiovaticana.va/RSS/logo_RSS_fre.jpg</url>
            <title>Radio Vaticana</title>
            <link>http://ta.radiovaticana.va</link>
            <width>180</width>
            <height>180</height>
        </image>




<item><link>http://ta.radiovaticana.va/news/2016/09/15/மரணதண்டனையை_மீண்டும்_கொணர்வதை_எதிர்த்து_ஆயர்கள்/1258367</link>
<guid isPermaLink="true">http://ta.radiovaticana.va/news/2016/09/15/மரணதண்டனையை_மீண்டும்_கொணர்வதை_எதிர்த்து_ஆயர்கள்/1258367</guid>	<title><![CDATA[Sunday announcement]]></title> <description><![CDATA[ <img src= 'http://ivapapps.16mb.com/mary_not.jpg' alt='' align='left' hspace='5'/><b>Sun, 26 Feb 2017</b><br/><p>Today is the 8th Ordinary Sunday of the year. Today we will conclude the Sunday Catechism Classes for the English speaking children with a valedictory function and the celebration of the Holy Eucharist.<br>We will have a special mass in the lower church at 11.00 a.m. to pray for our X and XII std. students appearing for their public exams. <br>This evening we will have the fourth edition of Voice of Angels after the evening mass. Choirs from various parishes will be here to sing in honour of our Lady. The Tamil youth of our parish are organizing this programme. All are welcome. We will conclude our annual feast with this programme. Well known singers will be participating in this programme.	</p> <p><span style="line-height: 1.6;">Announcements : Fr. Joe Andrew SDB (Rector and Parish Priest) 
 Lourdes Shrine Perambur
</span></p> ]]>	</description> 
<author>Lourdes shrine</author><category domain="http://ta.radiovaticana.va">-</category><pubDate>Sun, 29 Jan 2017 17:30:59 GMT</pubDate></item>	
<item><link>http://ta.radiovaticana.va/news/2016/09/15/மரணதண்டனையை_மீண்டும்_கொணர்வதை_எதிர்த்து_ஆயர்கள்/1258367</link>
<guid isPermaLink="true">http://ta.radiovaticana.va/news/2016/09/15/மரணதண்டனையை_மீண்டும்_கொணர்வதை_எதிர்த்து_ஆயர்கள்/1258367</guid>	<title><![CDATA[Family cards]]></title> <description><![CDATA[ <img src= 'http://ivapapps.16mb.com/mary_not.jpg' alt='' align='left' hspace='5'/><b>Sun, 26 Feb 2017</b><br/><p>The centre page of the new family cards are ready and the BCC leaders will be coming to your homes to check the spelling mistakes etc. Kindly cooperate.	</p> <p><span style="line-height: 1.6;">Announcements : Fr. Joe Andrew SDB (Rector and Parish Priest) 
 Lourdes Shrine Perambur
</span></p> ]]>	</description> 
<author>Lourdes shrine</author><category domain="http://ta.radiovaticana.va">-</category><pubDate>Sun, 29 Jan 2017 17:30:59 GMT</pubDate></item>	
<item><link>http://ta.radiovaticana.va/news/2016/09/15/மரணதண்டனையை_மீண்டும்_கொணர்வதை_எதிர்த்து_ஆயர்கள்/1258367</link>
<guid isPermaLink="true">http://ta.radiovaticana.va/news/2016/09/15/மரணதண்டனையை_மீண்டும்_கொணர்வதை_எதிர்த்து_ஆயர்கள்/1258367</guid>	<title><![CDATA[Mobile app for our shrine]]></title> <description><![CDATA[ <img src= 'http://ivapapps.16mb.com/mary_not.jpg' alt='' align='left' hspace='5'/><b>Sun, 26 Feb 2017</b><br/><p>We have a mobile app for our shrine, Lourdes shrine Perambur, you can download it from Google store. Kindly make use of it to get information regarding our church.	</p> <p><span style="line-height: 1.6;">Announcements : Fr. Joe Andrew SDB (Rector and Parish Priest) 
 Lourdes Shrine Perambur
</span></p> ]]>	</description> 
<author>Lourdes shrine</author><category domain="http://ta.radiovaticana.va">-</category><pubDate>Sun, 29 Jan 2017 17:30:59 GMT</pubDate></item>	
<item><link>http://ta.radiovaticana.va/news/2016/09/15/மரணதண்டனையை_மீண்டும்_கொணர்வதை_எதிர்த்து_ஆயர்கள்/1258367</link>
<guid isPermaLink="true">http://ta.radiovaticana.va/news/2016/09/15/மரணதண்டனையை_மீண்டும்_கொணர்வதை_எதிர்த்து_ஆயர்கள்/1258367</guid>	<title><![CDATA[Scholarship for our poor students]]></title> <description><![CDATA[ <img src= 'http://ivapapps.16mb.com/mary_not.jpg' alt='' align='left' hspace='5'/><b>Sun, 26 Feb 2017</b><br/><p>Those of you who help for the scholarship for our poor students with the Child Educare progamme can meet the parish priest. This week we will also distribute the Lenten dumb boxes for our Lourdes scholarship. 	</p> <p><span style="line-height: 1.6;">Announcements : Fr. Joe Andrew SDB (Rector and Parish Priest) 
 Lourdes Shrine Perambur
</span></p> ]]>	</description> 
<author>Lourdes shrine</author><category domain="http://ta.radiovaticana.va">-</category><pubDate>Sun, 29 Jan 2017 17:30:59 GMT</pubDate></item>	
<item><link>http://ta.radiovaticana.va/news/2016/09/15/மரணதண்டனையை_மீண்டும்_கொணர்வதை_எதிர்த்து_ஆயர்கள்/1258367</link>
<guid isPermaLink="true">http://ta.radiovaticana.va/news/2016/09/15/மரணதண்டனையை_மீண்டும்_கொணர்வதை_எதிர்த்து_ஆயர்கள்/1258367</guid>	<title><![CDATA[Church Repair works]]></title> <description><![CDATA[ <img src= 'http://ivapapps.16mb.com/mary_not.jpg' alt='' align='left' hspace='5'/><b>Sun, 26 Feb 2017</b><br/><p>During the season of Lent we will be replacing the roof of the upper church partly destroyed during the Vardha cyclone and we will be working on the Marian and St. Joseph’s altars in the lower church. Kindly excuse us for the inconvenience. Those of you who would like to help in these major projects are most welcome. You can meet the parish priest. These are major projects and hence we also request for your prayers for these projects. We will also be working on the main gates of our church. The work of replacing the surveillance cameras in our church is also in progress. We will also be replacing the upper church projectors with TV monitors. 	</p> <p><span style="line-height: 1.6;">Announcements : Fr. Joe Andrew SDB (Rector and Parish Priest) 
 Lourdes Shrine Perambur
</span></p> ]]>	</description> 
<author>Lourdes shrine</author><category domain="http://ta.radiovaticana.va">-</category><pubDate>Sun, 29 Jan 2017 17:30:59 GMT</pubDate></item>	
<item><link>http://ta.radiovaticana.va/news/2016/09/15/மரணதண்டனையை_மீண்டும்_கொணர்வதை_எதிர்த்து_ஆயர்கள்/1258367</link>
<guid isPermaLink="true">http://ta.radiovaticana.va/news/2016/09/15/மரணதண்டனையை_மீண்டும்_கொணர்வதை_எதிர்த்து_ஆயர்கள்/1258367</guid>	<title><![CDATA[Ash Wednesday]]></title> <description><![CDATA[ <img src= 'http://ivapapps.16mb.com/mary_not.jpg' alt='' align='left' hspace='5'/><b>Wed, 01 Mar 2017</b><br/><p>Wednesday 1st March is Ash Wednesday and we begin a new season of Lent. It is a day of fasting and abstinence. We will have Tamil masses at 5.30 a.m., 6.30 a.m. (upper church); 6.00 a.m.  English mass in the lower church and 11.00 a.m. Tamil mass in the lower church. In the evening we will have masses at 6.30 p.m. Kindly return all the palms of last year to prepare the ashes for this year.	</p> <p><span style="line-height: 1.6;">Announcements : Fr. Joe Andrew SDB (Rector and Parish Priest) 
 Lourdes Shrine Perambur
</span></p> ]]>	</description> 
<author>Lourdes shrine</author><category domain="http://ta.radiovaticana.va">-</category><pubDate>Sun, 29 Jan 2017 17:30:59 GMT</pubDate></item>	
<item><link>http://ta.radiovaticana.va/news/2016/09/15/மரணதண்டனையை_மீண்டும்_கொணர்வதை_எதிர்த்து_ஆயர்கள்/1258367</link>
<guid isPermaLink="true">http://ta.radiovaticana.va/news/2016/09/15/மரணதண்டனையை_மீண்டும்_கொணர்வதை_எதிர்த்து_ஆயர்கள்/1258367</guid>	<title><![CDATA[First Friday of the month]]></title> <description><![CDATA[ <img src= 'http://ivapapps.16mb.com/mary_not.jpg' alt='' align='left' hspace='5'/><b>Fri, 03 Mar 2017</b><br/><p>3rd March is the First Friday of the month and the first Stations of the Cross for this year. We will have the evening mass at 6.30 p.m. followed by the Stations of the Cross. The English service will be in the Presentation school campus.	</p> <p><span style="line-height: 1.6;">Announcements : Fr. Joe Andrew SDB (Rector and Parish Priest) 
 Lourdes Shrine Perambur
</span></p> ]]>	</description> 
<author>Lourdes shrine</author><category domain="http://ta.radiovaticana.va">-</category><pubDate>Sun, 29 Jan 2017 17:30:59 GMT</pubDate></item>	
<item><link>http://ta.radiovaticana.va/news/2016/09/15/மரணதண்டனையை_மீண்டும்_கொணர்வதை_எதிர்த்து_ஆயர்கள்/1258367</link>
<guid isPermaLink="true">http://ta.radiovaticana.va/news/2016/09/15/மரணதண்டனையை_மீண்டும்_கொணர்வதை_எதிர்த்து_ஆயர்கள்/1258367</guid>	<title><![CDATA[First Saturday of the month]]></title> <description><![CDATA[ <img src= 'http://ivapapps.16mb.com/mary_not.jpg' alt='' align='left' hspace='5'/><b>Sat, 04 Mar 2017</b><br/><p>4th March is the first Saturday of the month and we will have a special combined mass in the evening followed by a candlelight Rosary procession. All are welcome!	</p> <p><span style="line-height: 1.6;">Announcements : Fr. Joe Andrew SDB (Rector and Parish Priest) 
 Lourdes Shrine Perambur
</span></p> ]]>	</description> 
<author>Lourdes shrine</author><category domain="http://ta.radiovaticana.va">-</category><pubDate>Sun, 29 Jan 2017 17:30:59 GMT</pubDate></item>	
<item><link>http://ta.radiovaticana.va/news/2016/09/15/மரணதண்டனையை_மீண்டும்_கொணர்வதை_எதிர்த்து_ஆயர்கள்/1258367</link>
<guid isPermaLink="true">http://ta.radiovaticana.va/news/2016/09/15/மரணதண்டனையை_மீண்டும்_கொணர்வதை_எதிர்த்து_ஆயர்கள்/1258367</guid>	<title><![CDATA[First Sunday of Lent]]></title> <description><![CDATA[ <img src= 'http://ivapapps.16mb.com/mary_not.jpg' alt='' align='left' hspace='5'/><b>Sun, 05 Mar 2017</b><br/><p>5th March is the first Sunday of Lent. We will have a special meeting for all the Parish council members and those who helped for the feast after the evening mass.	</p> <p><span style="line-height: 1.6;">Announcements : Fr. Joe Andrew SDB (Rector and Parish Priest) 
 Lourdes Shrine Perambur
</span></p> ]]>	</description> 
<author>Lourdes shrine</author><category domain="http://ta.radiovaticana.va">-</category><pubDate>Sun, 29 Jan 2017 17:30:59 GMT</pubDate></item>	


</channel>
</rss>