﻿<?xml version="1.0" encoding="utf-8"?>
<rss version="2.0">
    <channel>
        <title>வத்திக்கான் வானொலி</title>
        <link>http://ta.radiovaticana.va</link>
        <description>உலகோடு உரையாடலில் திருத்தந்தை மற்றும் திருஅவையின் குரல்</description>
        <copyright>உரிமம் 2005 - வத்திக்கான் வானொலி</copyright>
        <language>ta</language>
        <managingEditor>webteam@vatiradio.va</managingEditor>
        <webMaster>webteam@vatiradio.va</webMaster>
        <lastBuildDate>16/09/2016 04:18:34</lastBuildDate>
            <category domain="http://ta.radiovaticana.va/news/திருத்தந்த-பிரான்சிஸ்/நிகழ்வுகள்">நிகழ்வுகள்</category>
            <category domain="http://ta.radiovaticana.va/news/திருத்தந்த-பிரான்சிஸ்/உரைகள்">உரைகள்</category>
            <category domain="http://ta.radiovaticana.va/news/திருத்தந்த-பிரான்சிஸ்/மறையுரைகள-">மறையுரைகள் </category>
            <category domain="http://ta.radiovaticana.va/news/திருத்தந்த-பிரான்சிஸ்/மறைக்கல்வ-மூவேள-உர">மறைக்கல்வி, மூவேளை உரை </category>
            <category domain="http://ta.radiovaticana.va/news/திருத்தந்த-பிரான்சிஸ்/எழுத்த-வடிவில்">எழுத்து வடிவில்</category>
            <category domain="http://ta.radiovaticana.va/news/திருத்தந்த-பிரான்சிஸ்/பயணங்கள்">பயணங்கள்</category>
            <category domain="http://ta.radiovaticana.va/news/வத்திக்கான்/நிகழ்வுகள">நிகழ்வுகள் </category>
            <category domain="http://ta.radiovaticana.va/news/வத்திக்கான்/உரைகள">உரைகள் </category>
            <category domain="http://ta.radiovaticana.va/news/வத்திக்கான்/அறிக்கைகள்">அறிக்கைகள்</category>
            <category domain="http://ta.radiovaticana.va/news/வத்திக்கான்/மன்றங்கள்">மன்றங்கள்</category>
            <category domain="http://ta.radiovaticana.va/news/திருஅவை/திருஅவ-உலகம்">உலகம்</category>
            <category domain="http://ta.radiovaticana.va/news/திருஅவை/ஆசியா">ஆசியா</category>
            <category domain="http://ta.radiovaticana.va/news/திருஅவை/இந்திய-இலங்கை">இந்தியா, இலங்கை</category>
            <category domain="http://ta.radiovaticana.va/news/திருஅவை/உரையாடல்">உரையாடல்</category>
            <category domain="http://ta.radiovaticana.va/news/திருஅவை/நீதிப-பணி">நீதிப் பணி</category>
            <category domain="http://ta.radiovaticana.va/news/திருஅவை/பிறரன்புப-பணி">பிறரன்புப் பணி</category>
            <category domain="http://ta.radiovaticana.va/news/திருஅவை/சிறப்ப-ஆண்டு">சிறப்பு ஆண்டு</category>
            <category domain="http://ta.radiovaticana.va/news/உலகம்/குடும்பம்">குடும்பம்</category>
            <category domain="http://ta.radiovaticana.va/news/உலகம்/மனித-உரிமைகள்">மனித உரிமைகள்</category>
            <category domain="http://ta.radiovaticana.va/news/உலகம்/சுற்றுச்சூழல்">சுற்றுச்சூழல்</category>
            <category domain="http://ta.radiovaticana.va/news/உலகம்/கல-கலாச்சாரம்">கலை, கலாச்சாரம்</category>
            <category domain="http://ta.radiovaticana.va/news/உலகம்/அரசியல-பொருளாதாரம்">அரசியல், பொருளாதாரம்</category>
            <category domain="http://ta.radiovaticana.va/news/உலகம்/அறிந்த-கொள்வோம்">அறிந்து கொள்வோம்</category>
            <category domain="http://ta.radiovaticana.va/news/வார-ஒலிபரப்பு/முதல-நிமிடம்">முதல் நிமிடம்</category>
            <category domain="http://ta.radiovaticana.va/news/வார-ஒலிபரப்பு/விவிலியம்">விவிலியம்</category>
            <category domain="http://ta.radiovaticana.va/news/வார-ஒலிபரப்பு/நேர்காணல்">நேர்காணல்</category>
            <category domain="http://ta.radiovaticana.va/news/வார-ஒலிபரப்பு/ஞாயிற-சிந்தனை">ஞாயிறு சிந்தனை</category>
            <category domain="http://ta.radiovaticana.va/news/வார-ஒலிபரப்பு/அமைதிப-பணி">அமைதிப் பணி</category>
            <category domain="http://ta.radiovaticana.va/news/வார-ஒலிபரப்பு/சமூக-ஆய்வு">சமூக ஆய்வு</category>
            <category domain="http://ta.radiovaticana.va/news/வார-ஒலிபரப்பு/இரக்கத்தின-தூதர்கள்">இரக்கத்தின் தூதர்கள்</category>
        <generator>Webteam</generator>
        <ttl>180</ttl>
        <image>
            <url>http://www.radiovaticana.va/RSS/logo_RSS_fre.jpg</url>
            <title>Radio Vaticana</title>
            <link>http://ta.radiovaticana.va</link>
            <width>180</width>
            <height>180</height>
        </image>
            

<item>
                <link>http://ta.radiovaticana.va/news/2016/09/15/மரணதண்டனையை_மீண்டும்_கொணர்வதை_எதிர்த்து_ஆயர்கள்/1258367</link>
                <guid isPermaLink="true">http://ta.radiovaticana.va/news/2016/09/15/மரணதண்டனையை_மீண்டும்_கொணர்வதை_எதிர்த்து_ஆயர்கள்/1258367</guid>
                <title><![CDATA[சிறப்பு தியானம்]]></title>
                <description><![CDATA[ <img src= 'http://media02.radiovaticana.va/photo/2016/01/31/AFP4933580_Thumbnail.jpg' alt='' align='left' hspace='5'> 
<p>செப்.15,2016.அடுத்த வாரம்  சனி (23.08.2016) மற்றும் ஞாயிறு (24.08.2016) அன்று சிறப்பு தியானம்  காலை 10 மணி முதல் மாலை 5 மணி வரை தியானம் நடைப்பேறும். பங்கு மக்கள் அனைவரும்   கலந்துக்கொண்டு இறை ஆசிர் பெறுவோமாக. </p>



<p><span style="line-height: 1.6;">ஆதாரம் : UCAN / வத்திக்கான் வானொலி</span></p>
 ]]></description>
                <author>webteam@vatiradio.va</author>
                <category domain="http://ta.radiovaticana.va">-</category>
                <pubDate>Thu, 15 Sep 2016 17:04:59 GMT</pubDate>
            </item>   
     
                   
         
<item>
                <link>http://ta.radiovaticana.va/news/2016/09/15/மரணதண்டனையை_மீண்டும்_கொணர்வதை_எதிர்த்து_ஆயர்கள்/1258367</link>
                <guid isPermaLink="true">http://ta.radiovaticana.va/news/2016/09/15/மரணதண்டனையை_மீண்டும்_கொணர்வதை_எதிர்த்து_ஆயர்கள்/1258367</guid>
                <title><![CDATA[விவிலிய​ வினா விடைப்போட்டி]]></title>
                <description><![CDATA[ <img src= 'http://media02.radiovaticana.va/photo/2016/01/31/AFP4933580_Thumbnail.jpg' alt='' align='left' hspace='5'> 
<p>செப்.15,2016.விவிலிய​ வினா விடைப்போட்டி வரும் அக்டோபர் மாதம் 2 தேதி நடைப்பேற​ உள்ளது ஆர்வம் உள்ளவர்கள் பங்கு அலுவத்தில் தங்கள் பெயரைப் பதிவு செய்ய வேண்டம் 25 ஆம் தேதிக்குள்</p>



<p><span style="line-height: 1.6;">ஆதாரம் : UCAN / வத்திக்கான் வானொலி</span></p>
 ]]></description>
                <author>webteam@vatiradio.va</author>
                <category domain="http://ta.radiovaticana.va">-</category>
                <pubDate>Thu, 15 Sep 2016 17:04:59 GMT</pubDate>
            </item> 
    </channel>
</rss>