﻿<?xml version="1.0" encoding="utf-8"?>
<rss version="2.0">
    <channel>
        <title>வத்திக்கான் வானொலி</title>
        <link>http://ta.radiovaticana.va</link>
        <description>உலகோடு உரையாடலில் திருத்தந்தை மற்றும் திருஅவையின் குரல்</description>
        <copyright>உரிமம் 2005 - வத்திக்கான் வானொலி</copyright>
        <language>ta</language>
        <managingEditor>webteam@vatiradio.va</managingEditor>
        <webMaster>webteam@vatiradio.va</webMaster>
        <lastBuildDate>16/09/2016 04:18:34</lastBuildDate>
            <category domain="http://ta.radiovaticana.va/news/திருத்தந்த-பிரான்சிஸ்/நிகழ்வுகள்">நிகழ்வுகள்</category>
            <category domain="http://ta.radiovaticana.va/news/திருத்தந்த-பிரான்சிஸ்/உரைகள்">உரைகள்</category>
            <category domain="http://ta.radiovaticana.va/news/திருத்தந்த-பிரான்சிஸ்/மறையுரைகள-">மறையுரைகள் </category>
            <category domain="http://ta.radiovaticana.va/news/திருத்தந்த-பிரான்சிஸ்/மறைக்கல்வ-மூவேள-உர">மறைக்கல்வி, மூவேளை உரை </category>
            <category domain="http://ta.radiovaticana.va/news/திருத்தந்த-பிரான்சிஸ்/எழுத்த-வடிவில்">எழுத்து வடிவில்</category>
            <category domain="http://ta.radiovaticana.va/news/திருத்தந்த-பிரான்சிஸ்/பயணங்கள்">பயணங்கள்</category>
            <category domain="http://ta.radiovaticana.va/news/வத்திக்கான்/நிகழ்வுகள">நிகழ்வுகள் </category>
            <category domain="http://ta.radiovaticana.va/news/வத்திக்கான்/உரைகள">உரைகள் </category>
            <category domain="http://ta.radiovaticana.va/news/வத்திக்கான்/அறிக்கைகள்">அறிக்கைகள்</category>
            <category domain="http://ta.radiovaticana.va/news/வத்திக்கான்/மன்றங்கள்">மன்றங்கள்</category>
            <category domain="http://ta.radiovaticana.va/news/திருஅவை/திருஅவ-உலகம்">உலகம்</category>
            <category domain="http://ta.radiovaticana.va/news/திருஅவை/ஆசியா">ஆசியா</category>
            <category domain="http://ta.radiovaticana.va/news/திருஅவை/இந்திய-இலங்கை">இந்தியா, இலங்கை</category>
            <category domain="http://ta.radiovaticana.va/news/திருஅவை/உரையாடல்">உரையாடல்</category>
            <category domain="http://ta.radiovaticana.va/news/திருஅவை/நீதிப-பணி">நீதிப் பணி</category>
            <category domain="http://ta.radiovaticana.va/news/திருஅவை/பிறரன்புப-பணி">பிறரன்புப் பணி</category>
            <category domain="http://ta.radiovaticana.va/news/திருஅவை/சிறப்ப-ஆண்டு">சிறப்பு ஆண்டு</category>
            <category domain="http://ta.radiovaticana.va/news/உலகம்/குடும்பம்">குடும்பம்</category>
            <category domain="http://ta.radiovaticana.va/news/உலகம்/மனித-உரிமைகள்">மனித உரிமைகள்</category>
            <category domain="http://ta.radiovaticana.va/news/உலகம்/சுற்றுச்சூழல்">சுற்றுச்சூழல்</category>
            <category domain="http://ta.radiovaticana.va/news/உலகம்/கல-கலாச்சாரம்">கலை, கலாச்சாரம்</category>
            <category domain="http://ta.radiovaticana.va/news/உலகம்/அரசியல-பொருளாதாரம்">அரசியல், பொருளாதாரம்</category>
            <category domain="http://ta.radiovaticana.va/news/உலகம்/அறிந்த-கொள்வோம்">அறிந்து கொள்வோம்</category>
            <category domain="http://ta.radiovaticana.va/news/வார-ஒலிபரப்பு/முதல-நிமிடம்">முதல் நிமிடம்</category>
            <category domain="http://ta.radiovaticana.va/news/வார-ஒலிபரப்பு/விவிலியம்">விவிலியம்</category>
            <category domain="http://ta.radiovaticana.va/news/வார-ஒலிபரப்பு/நேர்காணல்">நேர்காணல்</category>
            <category domain="http://ta.radiovaticana.va/news/வார-ஒலிபரப்பு/ஞாயிற-சிந்தனை">ஞாயிறு சிந்தனை</category>
            <category domain="http://ta.radiovaticana.va/news/வார-ஒலிபரப்பு/அமைதிப-பணி">அமைதிப் பணி</category>
            <category domain="http://ta.radiovaticana.va/news/வார-ஒலிபரப்பு/சமூக-ஆய்வு">சமூக ஆய்வு</category>
            <category domain="http://ta.radiovaticana.va/news/வார-ஒலிபரப்பு/இரக்கத்தின-தூதர்கள்">இரக்கத்தின் தூதர்கள்</category>
        <generator>Webteam</generator>
        <ttl>180</ttl>
        <image>
            <url>http://www.radiovaticana.va/RSS/logo_RSS_fre.jpg</url>
            <title>Radio Vaticana</title>
            <link>http://ta.radiovaticana.va</link>
            <width>180</width>
            <height>180</height>
        </image>

<item><link>http://ta.radiovaticana.va/news/2016/09/15/மரணதண்டனையை_மீண்டும்_கொணர்வதை_எதிர்த்து_ஆயர்கள்/1258367</link>
<guid isPermaLink="true">http://ta.radiovaticana.va/news/2016/09/15/மரணதண்டனையை_மீண்டும்_கொணர்வதை_எதிர்த்து_ஆயர்கள்/1258367</guid>	<title><![CDATA[ஞாயிறு நிகழ்வுகள்]]></title> <description><![CDATA[ <img src= 'http://ivapapps.16mb.com/mary_not.jpg' alt='' align='left' hspace='5'/><b>Sun, 26 Feb 2017</b><br/><p>பிப்ரவரி 26 ஞாயிற்றுக்கிழமை. இன்று பொதுக்காலத்தின் 8ம் ஞாயிறு. இன்று காலை 11.00 மணிக்கு மேல் கோவிலில் 10ம் மற்றும் 12ம் வகுப்பு அரசு பொதுத் தேர்வினை எழுதும் மாணவ மாணவியர்களுக்கு சிறப்புத் திருப்பலியும் மற்றும் ஆசீர்வாதமும் வழங்கப்படும். மேலும், இன்று மாலை திருப்பலிக்குப்பின் நான்காவது முறையாக Voice of Angels இசைநிகழ்ச்சி நடைபெறும். பல பங்குகளிலிருந்து பாடகர்குழுக்கள் அன்னையைப் புகழ வருவார்கள். உங்கள் அனைவரையும் அன்போடு அழைக்கின்றோம். மேலும், இன்று இளைஞர்களுக்காக குழு செபம் நமது சாவியோ ர்யடடலில் நடைபெறும்.	</p> <p><span style="line-height: 1.6;">அறிவிப்பு : அருட்பணி. ஜோ ஆண்ரூ ச.ச.அதிபர் மற்றும் பங்குத்தந்தை லூர்து அன்னை ஆலயம் பெரம்பூர்</span></p> ]]>	</description> 
<author>Lourdes shrine</author><category domain="http://ta.radiovaticana.va">-</category><pubDate>Sun, 29 Jan 2017 17:30:59 GMT</pubDate></item>	
<item><link>http://ta.radiovaticana.va/news/2016/09/15/மரணதண்டனையை_மீண்டும்_கொணர்வதை_எதிர்த்து_ஆயர்கள்/1258367</link>
<guid isPermaLink="true">http://ta.radiovaticana.va/news/2016/09/15/மரணதண்டனையை_மீண்டும்_கொணர்வதை_எதிர்த்து_ஆயர்கள்/1258367</guid>	<title><![CDATA[குடும்ப விவரப் பட்டியல்]]></title> <description><![CDATA[ <img src= 'http://ivapapps.16mb.com/mary_not.jpg' alt='' align='left' hspace='5'/><b>Sun, 26 Feb 2017</b><br/><p>நமது பங்கின் குடும்ப கணக்கெடுப்பிற்காக தயாரிக்கப்பட்ட குடும்ப விவரப் பட்டியலை அன்பியத்தலைவர்கள் உங்கள் இல்லத்திற்கு எடுத்து வரும் போது அதை சாரிபார்த்து தருமாறு கேட்டுக் கொள்கின்றோம். 	</p> <p><span style="line-height: 1.6;">அறிவிப்பு : அருட்பணி. ஜோ ஆண்ரூ ச.ச.அதிபர் மற்றும் பங்குத்தந்தை லூர்து அன்னை ஆலயம் பெரம்பூர்</span></p> ]]>	</description> 
<author>Lourdes shrine</author><category domain="http://ta.radiovaticana.va">-</category><pubDate>Sun, 29 Jan 2017 17:30:59 GMT</pubDate></item>	
<item><link>http://ta.radiovaticana.va/news/2016/09/15/மரணதண்டனையை_மீண்டும்_கொணர்வதை_எதிர்த்து_ஆயர்கள்/1258367</link>
<guid isPermaLink="true">http://ta.radiovaticana.va/news/2016/09/15/மரணதண்டனையை_மீண்டும்_கொணர்வதை_எதிர்த்து_ஆயர்கள்/1258367</guid>	<title><![CDATA[செல்போன் செயலி (Mobile App) ]]></title> <description><![CDATA[ <img src= 'http://ivapapps.16mb.com/mary_not.jpg' alt='' align='left' hspace='5'/><b>Sun, 26 Feb 2017</b><br/><p>நமது திருத்தலத்திற்காக பிரத்யேக செல்போன் செயலி (Mobile App) தயாரிக்கப்பட்டுள்ளது. இதை Google Playstore லிருந்து Lourdes Shrine Perambur செயலியை Download செய்துகொள்ளலாம். திருத்தல நிகழ்வுகளை தொpந்து கொள்ளலாம்.	</p> <p><span style="line-height: 1.6;">அறிவிப்பு : அருட்பணி. ஜோ ஆண்ரூ ச.ச.அதிபர் மற்றும் பங்குத்தந்தை லூர்து அன்னை ஆலயம் பெரம்பூர்</span></p> ]]>	</description> 
<author>Lourdes shrine</author><category domain="http://ta.radiovaticana.va">-</category><pubDate>Sun, 29 Jan 2017 17:30:59 GMT</pubDate></item>	
<item><link>http://ta.radiovaticana.va/news/2016/09/15/மரணதண்டனையை_மீண்டும்_கொணர்வதை_எதிர்த்து_ஆயர்கள்/1258367</link>
<guid isPermaLink="true">http://ta.radiovaticana.va/news/2016/09/15/மரணதண்டனையை_மீண்டும்_கொணர்வதை_எதிர்த்து_ஆயர்கள்/1258367</guid>	<title><![CDATA[கல்வி உதவித் தொகை]]></title> <description><![CDATA[ <img src= 'http://ivapapps.16mb.com/mary_not.jpg' alt='' align='left' hspace='5'/><b>Sun, 26 Feb 2017</b><br/><p>நமது பங்கிலுள்ள ஏழை எளிய மாணவ மாணவியர்களுக்கு (The Child Educare progamme)  கல்வி உதவித் தொகை கொடுக்க விரும்புகின்றவர்கள் பங்குத்தந்தையை சந்திக்கபடியாக கேட்டுக் கொள்கின்றோம்.<br>கல்வி உதவித் தொகைக்காக (Lourdes Scholarship) தவக்கால உண்டியல்கள் இந்த வாரம் உங்களுக்குக் கொடுக்கப்படும்.	</p> <p><span style="line-height: 1.6;">அறிவிப்பு : அருட்பணி. ஜோ ஆண்ரூ ச.ச.அதிபர் மற்றும் பங்குத்தந்தை லூர்து அன்னை ஆலயம் பெரம்பூர்</span></p> ]]>	</description> 
<author>Lourdes shrine</author><category domain="http://ta.radiovaticana.va">-</category><pubDate>Sun, 29 Jan 2017 17:30:59 GMT</pubDate></item>	
<item><link>http://ta.radiovaticana.va/news/2016/09/15/மரணதண்டனையை_மீண்டும்_கொணர்வதை_எதிர்த்து_ஆயர்கள்/1258367</link>
<guid isPermaLink="true">http://ta.radiovaticana.va/news/2016/09/15/மரணதண்டனையை_மீண்டும்_கொணர்வதை_எதிர்த்து_ஆயர்கள்/1258367</guid>	<title><![CDATA[கோவிலின் புதுப்பிக்கும் பணிகள்]]></title> <description><![CDATA[ <img src= 'http://ivapapps.16mb.com/mary_not.jpg' alt='' align='left' hspace='5'/><b>Sun, 26 Feb 2017</b><br/><p>தவக்காலத்தின் போது வர்தா புயலால் பாதிக்கப்பட்ட மேல் கோவிலின் மேற் கூரை பழுது பார்க்கப்படுகின்றது. அதைப் போல கீழ் கோவிலிலும் லூர்து அன்னை மற்றும் வளனாரின் திருப்பீடங்கள் புதுப்பிக்கும் பணியும் நடைபெறும். இதனால் ஏற்படும் சிறு இடையுறுகளை பொறுத்துக் கொள்ளுமாறு கேட்டுக்கொள்கின்றோம். இப்பணிகளுக்காக உதவி செய்ய விரும்புவோர் பங்குத்தந்தையை சந்திக்கவும். மேலும், இப்பணி சிறப்பாக நடைபெறுவதற்கு ஜெபிக்குமாறு கேட்டுக் கொள்கின்றோம் மற்றும் இப்பணிகளோடு சேர்ந்து நமது திருத்தல முகப்பு வாயில்களும் சீரமைக்கப்படும். மேலும், பாதுகாப்பிற்காக கேம்ராக்கள் பொறுத்தும் பணியும் தொடர்ந்து நடைபெறும். மேல் கோவிலில் தொலைக்காட்சி பொறுத்தும் பணியும் நடைபெறும்.	</p> <p><span style="line-height: 1.6;">அறிவிப்பு : அருட்பணி. ஜோ ஆண்ரூ ச.ச.அதிபர் மற்றும் பங்குத்தந்தை லூர்து அன்னை ஆலயம் பெரம்பூர்</span></p> ]]>	</description> 
<author>Lourdes shrine</author><category domain="http://ta.radiovaticana.va">-</category><pubDate>Sun, 29 Jan 2017 17:30:59 GMT</pubDate></item>	
<item><link>http://ta.radiovaticana.va/news/2016/09/15/மரணதண்டனையை_மீண்டும்_கொணர்வதை_எதிர்த்து_ஆயர்கள்/1258367</link>
<guid isPermaLink="true">http://ta.radiovaticana.va/news/2016/09/15/மரணதண்டனையை_மீண்டும்_கொணர்வதை_எதிர்த்து_ஆயர்கள்/1258367</guid>	<title><![CDATA[இளைஞர்களுக்காக ஜெபக்குழு]]></title> <description><![CDATA[ <img src= 'http://ivapapps.16mb.com/mary_not.jpg' alt='' align='left' hspace='5'/><b>Sun, 26 Feb 2017</b><br/><p>நமது பங்கில் இளைஞர்களுக்காக ஜெபக்குழு (Grace Group)  ஒன்றை துவங்க உள்ளோம். இதனை அருட்தந்தையர்கள் இரட்சக தாஸ் மற்றும் சேவியர் இணைந்து வழிநடத்துவார்கள். ஆகவே, விருப்பமுள்ள, ஜெபிக்க ஆர்வமுள்ள இளைஞர்கள் இறை அனுபவத்தை பெற இவ்வாய்ப்பை பயன்படுத்திக் கொள்ள அன்போடு கேட்டுக் கொள்கின்றோம்.  உங்கள் பெயர்களை அருட்தந்தை சேவியரிடம் கொடுத்து பதிவு செய்யுமாறு கேட்டுக் கொள்கின்றோம்.	</p> <p><span style="line-height: 1.6;">அறிவிப்பு : அருட்பணி. ஜோ ஆண்ரூ ச.ச.அதிபர் மற்றும் பங்குத்தந்தை லூர்து அன்னை ஆலயம் பெரம்பூர்</span></p> ]]>	</description> 
<author>Lourdes shrine</author><category domain="http://ta.radiovaticana.va">-</category><pubDate>Sun, 29 Jan 2017 17:30:59 GMT</pubDate></item>	
<item><link>http://ta.radiovaticana.va/news/2016/09/15/மரணதண்டனையை_மீண்டும்_கொணர்வதை_எதிர்த்து_ஆயர்கள்/1258367</link>
<guid isPermaLink="true">http://ta.radiovaticana.va/news/2016/09/15/மரணதண்டனையை_மீண்டும்_கொணர்வதை_எதிர்த்து_ஆயர்கள்/1258367</guid>	<title><![CDATA[விபுதி புதன்]]></title> <description><![CDATA[ <img src= 'http://ivapapps.16mb.com/mary_not.jpg' alt='' align='left' hspace='5'/><b>Wed, 01 Mar 2017</b><br/><p>மார்ச் 01 விபுதி புதன். அன்று நாம் தவக்காலத்தை துவங்கிறோம். காலை 05.30 மணிக்கும், 06.30 மணிக்கும் மேல் கோவிலில் தமிழ் திருப்பலிகள் நடைபெறும். காலை 06.00 மணிக்கும், 11.00 மணிக்கும் கீழ் கோவிலில் ஆங்கில திருப்பலிகள் நடைபெறும். காலை 07.00 மணிக்கு சி.சி.பாக்கத்தில் திருப்பலி நடைபெறும். மேலும், உங்களிடம் இருக்கும் குருத்தோலைகளை செவ்வாய்கிழமை காலைக்குள் கொடுக்கமாறு கேட்டுக்கொள்கிறோம். விபுதி புதன் அன்று ஒரு சந்தியும், சுத்தபோசனமும் கடைபிடிப்பது நமது கடமையாகும்.	</p> <p><span style="line-height: 1.6;">அறிவிப்பு : அருட்பணி. ஜோ ஆண்ரூ ச.ச.அதிபர் மற்றும் பங்குத்தந்தை லூர்து அன்னை ஆலயம் பெரம்பூர்</span></p> ]]>	</description> 
<author>Lourdes shrine</author><category domain="http://ta.radiovaticana.va">-</category><pubDate>Sun, 29 Jan 2017 17:30:59 GMT</pubDate></item>	
<item><link>http://ta.radiovaticana.va/news/2016/09/15/மரணதண்டனையை_மீண்டும்_கொணர்வதை_எதிர்த்து_ஆயர்கள்/1258367</link>
<guid isPermaLink="true">http://ta.radiovaticana.va/news/2016/09/15/மரணதண்டனையை_மீண்டும்_கொணர்வதை_எதிர்த்து_ஆயர்கள்/1258367</guid>	<title><![CDATA[மாதத்தின் முதல் வெள்ளி]]></title> <description><![CDATA[ <img src= 'http://ivapapps.16mb.com/mary_not.jpg' alt='' align='left' hspace='5'/><b>Fri, 03 Mar 2017</b><br/><p>மார்ச் 03 வெள்ளிக்கிழமை. அன்று மாதத்தின் முதல் வெள்ளிக்கிழமை மற்றும் தவக்காலத்தின் முதல் சிலுவைப்பாதை. தவக்காலத்தின் ஒவ்வொரு வெள்ளிக்கிழமைகளில் மாலை 06.30 திருப்பலியும் அதனை தொடர்ந்து சிலுவைப்பாதையும் நடைபெறும்.	</p> <p><span style="line-height: 1.6;">அறிவிப்பு : அருட்பணி. ஜோ ஆண்ரூ ச.ச.அதிபர் மற்றும் பங்குத்தந்தை லூர்து அன்னை ஆலயம் பெரம்பூர்</span></p> ]]>	</description> 
<author>Lourdes shrine</author><category domain="http://ta.radiovaticana.va">-</category><pubDate>Sun, 29 Jan 2017 17:30:59 GMT</pubDate></item>	
<item><link>http://ta.radiovaticana.va/news/2016/09/15/மரணதண்டனையை_மீண்டும்_கொணர்வதை_எதிர்த்து_ஆயர்கள்/1258367</link>
<guid isPermaLink="true">http://ta.radiovaticana.va/news/2016/09/15/மரணதண்டனையை_மீண்டும்_கொணர்வதை_எதிர்த்து_ஆயர்கள்/1258367</guid>	<title><![CDATA[மாதத்தின் முதல் சனி]]></title> <description><![CDATA[ <img src= 'http://ivapapps.16mb.com/mary_not.jpg' alt='' align='left' hspace='5'/><b>Sat, 04 Mar 2017</b><br/><p>மார்ச் 04 சனிக்கிழமை. அன்று மாதத்தின் முதல் சனிக்கிழமை. அன்று மாலை 06.30 மணிக்கு இணைந்த திருப்பிலியும் மற்றும் மெழுகுவர்த்தி ஏந்திய ஜெபமாலை பவனியும் நடைபெறும்.	</p> <p><span style="line-height: 1.6;">அறிவிப்பு : அருட்பணி. ஜோ ஆண்ரூ ச.ச.அதிபர் மற்றும் பங்குத்தந்தை லூர்து அன்னை ஆலயம் பெரம்பூர்</span></p> ]]>	</description> 
<author>Lourdes shrine</author><category domain="http://ta.radiovaticana.va">-</category><pubDate>Sun, 29 Jan 2017 17:30:59 GMT</pubDate></item>	
<item><link>http://ta.radiovaticana.va/news/2016/09/15/மரணதண்டனையை_மீண்டும்_கொணர்வதை_எதிர்த்து_ஆயர்கள்/1258367</link>
<guid isPermaLink="true">http://ta.radiovaticana.va/news/2016/09/15/மரணதண்டனையை_மீண்டும்_கொணர்வதை_எதிர்த்து_ஆயர்கள்/1258367</guid>	<title><![CDATA[தவக்காலத்தின் முதல் ஞாயிறு]]></title> <description><![CDATA[ <img src= 'http://ivapapps.16mb.com/mary_not.jpg' alt='' align='left' hspace='5'/><b>Sun, 05 Mar 2017</b><br/><p>மார்ச் 05 ஞாயிற்றுக்கிழமை. அன்று தவக்காலத்தின் முதல் ஞாயிறு. அன்று மாலை திருப்பலிக்குப்பின் பங்குப் பேரவை உறுப்பினர்களுக்கும் மற்றும் நமது ஆண்டு பெருவிழாவிற்காக பல வழிகளில் உதவி செய்த அனைத்து தன்னார்வ தொண்டர்களுக்கும் சிறப்பு கூட்டம் நடைபெறு	</p> <p><span style="line-height: 1.6;">அறிவிப்பு : அருட்பணி. ஜோ ஆண்ரூ ச.ச.அதிபர் மற்றும் பங்குத்தந்தை லூர்து அன்னை ஆலயம் பெரம்பூர்</span></p> ]]>	</description> 
<author>Lourdes shrine</author><category domain="http://ta.radiovaticana.va">-</category><pubDate>Sun, 29 Jan 2017 17:30:59 GMT</pubDate></item>	




</channel>
</rss>