﻿ï»¿<?xml version="1.0" encoding="utf-8"?>
<rss version="2.0">
    <channel>
        <title>à®µà®¤à¯à®¤à®¿à®•à¯à®•à®¾à®©à¯ à®µà®¾à®©à¯Šà®²à®¿</title>
        <link>http://ta.radiovaticana.va</link>
        <description>à®‰à®²à®•à¯‹à®Ÿà¯ à®‰à®°à¯ˆà®¯à®¾à®Ÿà®²à®¿à®²à¯ à®¤à®¿à®°à¯à®¤à¯à®¤à®¨à¯à®¤à¯ˆ à®®à®±à¯à®±à¯à®®à¯ à®¤à®¿à®°à¯à®…à®µà¯ˆà®¯à®¿à®©à¯ à®•à¯à®°à®²à¯</description>
        <copyright>à®‰à®°à®¿à®®à®®à¯ 2005 - à®µà®¤à¯à®¤à®¿à®•à¯à®•à®¾à®©à¯ à®µà®¾à®©à¯Šà®²à®¿</copyright>
        <language>ta</language>
        <managingEditor>webteam@vatiradio.va</managingEditor>
        <webMaster>webteam@vatiradio.va</webMaster>
        <lastBuildDate>16/09/2016 04:18:34</lastBuildDate>
            <category domain="http://ta.radiovaticana.va/news/à®¤à®¿à®°à¯à®¤à¯à®¤à®¨à¯à®¤-à®ªà®¿à®°à®¾à®©à¯à®šà®¿à®¸à¯/à®¨à®¿à®•à®´à¯à®µà¯à®•à®³à¯">à®¨à®¿à®•à®´à¯à®µà¯à®•à®³à¯</category>
            <category domain="http://ta.radiovaticana.va/news/à®¤à®¿à®°à¯à®¤à¯à®¤à®¨à¯à®¤-à®ªà®¿à®°à®¾à®©à¯à®šà®¿à®¸à¯/à®‰à®°à¯ˆà®•à®³à¯">à®‰à®°à¯ˆà®•à®³à¯</category>
            <category domain="http://ta.radiovaticana.va/news/à®¤à®¿à®°à¯à®¤à¯à®¤à®¨à¯à®¤-à®ªà®¿à®°à®¾à®©à¯à®šà®¿à®¸à¯/à®®à®±à¯ˆà®¯à¯à®°à¯ˆà®•à®³-">à®®à®±à¯ˆà®¯à¯à®°à¯ˆà®•à®³à¯ </category>
            <category domain="http://ta.radiovaticana.va/news/à®¤à®¿à®°à¯à®¤à¯à®¤à®¨à¯à®¤-à®ªà®¿à®°à®¾à®©à¯à®šà®¿à®¸à¯/à®®à®±à¯ˆà®•à¯à®•à®²à¯à®µ-à®®à¯‚à®µà¯‡à®³-à®‰à®°">à®®à®±à¯ˆà®•à¯à®•à®²à¯à®µà®¿, à®®à¯‚à®µà¯‡à®³à¯ˆ à®‰à®°à¯ˆ </category>
            <category domain="http://ta.radiovaticana.va/news/à®¤à®¿à®°à¯à®¤à¯à®¤à®¨à¯à®¤-à®ªà®¿à®°à®¾à®©à¯à®šà®¿à®¸à¯/à®Žà®´à¯à®¤à¯à®¤-à®µà®Ÿà®¿à®µà®¿à®²à¯">à®Žà®´à¯à®¤à¯à®¤à¯ à®µà®Ÿà®¿à®µà®¿à®²à¯</category>
            <category domain="http://ta.radiovaticana.va/news/à®¤à®¿à®°à¯à®¤à¯à®¤à®¨à¯à®¤-à®ªà®¿à®°à®¾à®©à¯à®šà®¿à®¸à¯/à®ªà®¯à®£à®™à¯à®•à®³à¯">à®ªà®¯à®£à®™à¯à®•à®³à¯</category>
            <category domain="http://ta.radiovaticana.va/news/à®µà®¤à¯à®¤à®¿à®•à¯à®•à®¾à®©à¯/à®¨à®¿à®•à®´à¯à®µà¯à®•à®³">à®¨à®¿à®•à®´à¯à®µà¯à®•à®³à¯ </category>
            <category domain="http://ta.radiovaticana.va/news/à®µà®¤à¯à®¤à®¿à®•à¯à®•à®¾à®©à¯/à®‰à®°à¯ˆà®•à®³">à®‰à®°à¯ˆà®•à®³à¯ </category>
            <category domain="http://ta.radiovaticana.va/news/à®µà®¤à¯à®¤à®¿à®•à¯à®•à®¾à®©à¯/à®…à®±à®¿à®•à¯à®•à¯ˆà®•à®³à¯">à®…à®±à®¿à®•à¯à®•à¯ˆà®•à®³à¯</category>
            <category domain="http://ta.radiovaticana.va/news/à®µà®¤à¯à®¤à®¿à®•à¯à®•à®¾à®©à¯/à®®à®©à¯à®±à®™à¯à®•à®³à¯">à®®à®©à¯à®±à®™à¯à®•à®³à¯</category>
            <category domain="http://ta.radiovaticana.va/news/à®¤à®¿à®°à¯à®…à®µà¯ˆ/à®¤à®¿à®°à¯à®…à®µ-à®‰à®²à®•à®®à¯">à®‰à®²à®•à®®à¯</category>
            <category domain="http://ta.radiovaticana.va/news/à®¤à®¿à®°à¯à®…à®µà¯ˆ/à®†à®šà®¿à®¯à®¾">à®†à®šà®¿à®¯à®¾</category>
            <category domain="http://ta.radiovaticana.va/news/à®¤à®¿à®°à¯à®…à®µà¯ˆ/à®‡à®¨à¯à®¤à®¿à®¯-à®‡à®²à®™à¯à®•à¯ˆ">à®‡à®¨à¯à®¤à®¿à®¯à®¾, à®‡à®²à®™à¯à®•à¯ˆ</category>
            <category domain="http://ta.radiovaticana.va/news/à®¤à®¿à®°à¯à®…à®µà¯ˆ/à®‰à®°à¯ˆà®¯à®¾à®Ÿà®²à¯">à®‰à®°à¯ˆà®¯à®¾à®Ÿà®²à¯</category>
            <category domain="http://ta.radiovaticana.va/news/à®¤à®¿à®°à¯à®…à®µà¯ˆ/à®¨à¯€à®¤à®¿à®ª-à®ªà®£à®¿">à®¨à¯€à®¤à®¿à®ªà¯ à®ªà®£à®¿</category>
            <category domain="http://ta.radiovaticana.va/news/à®¤à®¿à®°à¯à®…à®µà¯ˆ/à®ªà®¿à®±à®°à®©à¯à®ªà¯à®ª-à®ªà®£à®¿">à®ªà®¿à®±à®°à®©à¯à®ªà¯à®ªà¯ à®ªà®£à®¿</category>
            <category domain="http://ta.radiovaticana.va/news/à®¤à®¿à®°à¯à®…à®µà¯ˆ/à®šà®¿à®±à®ªà¯à®ª-à®†à®£à¯à®Ÿà¯">à®šà®¿à®±à®ªà¯à®ªà¯ à®†à®£à¯à®Ÿà¯</category>
            <category domain="http://ta.radiovaticana.va/news/à®‰à®²à®•à®®à¯/à®•à¯à®Ÿà¯à®®à¯à®ªà®®à¯">à®•à¯à®Ÿà¯à®®à¯à®ªà®®à¯</category>
            <category domain="http://ta.radiovaticana.va/news/à®‰à®²à®•à®®à¯/à®®à®©à®¿à®¤-à®‰à®°à®¿à®®à¯ˆà®•à®³à¯">à®®à®©à®¿à®¤ à®‰à®°à®¿à®®à¯ˆà®•à®³à¯</category>
            <category domain="http://ta.radiovaticana.va/news/à®‰à®²à®•à®®à¯/à®šà¯à®±à¯à®±à¯à®šà¯à®šà¯‚à®´à®²à¯">à®šà¯à®±à¯à®±à¯à®šà¯à®šà¯‚à®´à®²à¯</category>
            <category domain="http://ta.radiovaticana.va/news/à®‰à®²à®•à®®à¯/à®•à®²-à®•à®²à®¾à®šà¯à®šà®¾à®°à®®à¯">à®•à®²à¯ˆ, à®•à®²à®¾à®šà¯à®šà®¾à®°à®®à¯</category>
            <category domain="http://ta.radiovaticana.va/news/à®‰à®²à®•à®®à¯/à®…à®°à®šà®¿à®¯à®²-à®ªà¯Šà®°à¯à®³à®¾à®¤à®¾à®°à®®à¯">à®…à®°à®šà®¿à®¯à®²à¯, à®ªà¯Šà®°à¯à®³à®¾à®¤à®¾à®°à®®à¯</category>
            <category domain="http://ta.radiovaticana.va/news/à®‰à®²à®•à®®à¯/à®…à®±à®¿à®¨à¯à®¤-à®•à¯Šà®³à¯à®µà¯‹à®®à¯">à®…à®±à®¿à®¨à¯à®¤à¯ à®•à¯Šà®³à¯à®µà¯‹à®®à¯</category>
            <category domain="http://ta.radiovaticana.va/news/à®µà®¾à®°-à®’à®²à®¿à®ªà®°à®ªà¯à®ªà¯/à®®à¯à®¤à®²-à®¨à®¿à®®à®¿à®Ÿà®®à¯">à®®à¯à®¤à®²à¯ à®¨à®¿à®®à®¿à®Ÿà®®à¯</category>
            <category domain="http://ta.radiovaticana.va/news/à®µà®¾à®°-à®’à®²à®¿à®ªà®°à®ªà¯à®ªà¯/à®µà®¿à®µà®¿à®²à®¿à®¯à®®à¯">à®µà®¿à®µà®¿à®²à®¿à®¯à®®à¯</category>
            <category domain="http://ta.radiovaticana.va/news/à®µà®¾à®°-à®’à®²à®¿à®ªà®°à®ªà¯à®ªà¯/à®¨à¯‡à®°à¯à®•à®¾à®£à®²à¯">à®¨à¯‡à®°à¯à®•à®¾à®£à®²à¯</category>
            <category domain="http://ta.radiovaticana.va/news/à®µà®¾à®°-à®’à®²à®¿à®ªà®°à®ªà¯à®ªà¯/à®žà®¾à®¯à®¿à®±-à®šà®¿à®¨à¯à®¤à®©à¯ˆ">à®žà®¾à®¯à®¿à®±à¯ à®šà®¿à®¨à¯à®¤à®©à¯ˆ</category>
            <category domain="http://ta.radiovaticana.va/news/à®µà®¾à®°-à®’à®²à®¿à®ªà®°à®ªà¯à®ªà¯/à®…à®®à¯ˆà®¤à®¿à®ª-à®ªà®£à®¿">à®…à®®à¯ˆà®¤à®¿à®ªà¯ à®ªà®£à®¿</category>
            <category domain="http://ta.radiovaticana.va/news/à®µà®¾à®°-à®’à®²à®¿à®ªà®°à®ªà¯à®ªà¯/à®šà®®à¯‚à®•-à®†à®¯à¯à®µà¯">à®šà®®à¯‚à®• à®†à®¯à¯à®µà¯</category>
            <category domain="http://ta.radiovaticana.va/news/à®µà®¾à®°-à®’à®²à®¿à®ªà®°à®ªà¯à®ªà¯/à®‡à®°à®•à¯à®•à®¤à¯à®¤à®¿à®©-à®¤à¯‚à®¤à®°à¯à®•à®³à¯">à®‡à®°à®•à¯à®•à®¤à¯à®¤à®¿à®©à¯ à®¤à¯‚à®¤à®°à¯à®•à®³à¯</category>
        <generator>Webteam</generator>
        <ttl>180</ttl>
        <image>
            <url>http://www.radiovaticana.va/RSS/logo_RSS_fre.jpg</url>
            <title>Radio Vaticana</title>
            <link>http://ta.radiovaticana.va</link>
            <width>180</width>
            <height>180</height>
        </image>
      <item>
                <link>http://ta.radiovaticana.va/news/2016/09/15/&#2990;&#2992;&#2979;&#2980;&#2979;&#3021;&#2975;&#2985;&#3016;&#2991;&#3016;_&#2990;&#3008;&#2979;&#3021;&#2975;&#3009;&#2990;&#3021;_&#2965;&#3018;&#2979;&#2992;&#3021;&#2997;&#2980;&#3016;_&#2958;&#2980;&#3007;&#2992;&#3021;&#2980;&#3021;&#2980;&#3009;_&#2950;&#2991;&#2992;&#3021;&#2965;&#2995;&#3021;/1258367</link>
                <guid isPermaLink="true">http://ta.radiovaticana.va/news/2016/09/15/&#2990;&#2992;&#2979;&#2980;&#2979;&#3021;&#2975;&#2985;&#3016;&#2991;&#3016;_&#2990;&#3008;&#2979;&#3021;&#2975;&#3009;&#2990;&#3021;_&#2965;&#3018;&#2979;&#2992;&#3021;&#2997;&#2980;&#3016;_&#2958;&#2980;&#3007;&#2992;&#3021;&#2980;&#3021;&#2980;&#3009;_&#2950;&#2991;&#2992;&#3021;&#2965;&#2995;&#3021;/1258367</guid>
                
<title><![CDATA[திருத்தல நிகழ்வுகள் 27.11.2016]]></title><description><![CDATA[ <img src= 'http://ivapapps.16mb.com/mary_not.jpg' alt='' align='left' hspace='5'/><p><ul type="square"><p><span style="line-height: 1.6;"><li>&#2984;&#2997;&#2990;&#3021;&#2986;&#2992;&#3021; 27 &#2974;&#3006;&#2991;&#3007;&#2993;&#3021;&#2993;&#3009;&#2965;&#3021;&#2965;&#3007;&#2996;&#2990;&#3016;. &#2951;&#2985;&#3021;&#2993;&#3009; &#2980;&#3007;&#2992;&#3009;&#2997;&#2992;&#3009;&#2965;&#3016;&#2965;&#3021;&#2965;&#3006;&#2994;&#2980;&#3021;&#2980;&#3007;&#2985;&#3021; &#2990;&#3009;&#2980;&#2994;&#3021; &#2974;&#3006;&#2991;&#3007;&#2993;&#3009;. &#2951;&#2985;&#3021;&#2993;&#3009; &#2990;&#3006;&#2994;&#3016; &#2980;&#3007;&#2992;&#3009;&#2986;&#3021;&#2986;&#2994;&#3007;&#2965;&#3021;&#2965;&#3009; &#2990;&#3009;&#2985;&#3021; &#2980;&#2990;&#3007;&#2996;&#3007;&#2994;&#3021; &#2990;&#3006;&#2994;&#3016; &#2972;&#3014;&#2986;&#2990;&#3021; &#2984;&#2975;&#3016;&#2986;&#3014;&#2993;&#3009;&#2990;&#3021;. &#2984;&#3006;&#2990;&#3021; &#2990;&#2965;&#3007;&#2996;&#3021;&#2970;&#3021;&#2970;&#3007;&#2991;&#3019;&#2975;&#3009; &#2986;&#3009;&#2980;&#3007;&#2991; &#2980;&#3007;&#2992;&#3009;&#2997;&#2996;&#3007;&#2986;&#3021;&#2986;&#3006;&#2975;&#3021;&#2975;&#3009; &#2950;&#2979;&#3021;&#2975;&#3016; &#2997;&#2992;&#2997;&#3015;&#2993;&#3021;&#2986;&#3019;&#2990;&#3021;.</li?<br><p><span style="line-height: 1.6;"><li>&#2984;&#2997;&#2990;&#3021;&#2986;&#2992;&#3021; 30 &#2986;&#3009;&#2980;&#2985;&#3021;&#2965;&#3007;&#2996;&#2990;&#3016;. &#2949;&#2985;&#3021;&#2993;&#3009; &#2984;&#2990;&#2980;&#3009; &#2986;&#3006;&#2970;&#2990;&#3007;&#2965;&#3009; &#2986;&#2969;&#3021;&#2965;&#3009;&#2980;&#3021;&#2980;&#2984;&#3021;&#2980;&#3016; &#2949;&#2992;&#3009;&#2975;&#3021;&#2986;&#2979;&#3007;. &#2972;&#3019; &#2950;&#2979;&#3021;&#2992;&#3010; &#2949;&#2997;&#2992;&#3021;&#2965;&#2995;&#3007;&#2985;&#3021; &#2986;&#3007;&#2993;&#2984;&#3021;&#2980;&#2984;&#3006;&#2995;&#3021;. &#2949;&#2997;&#2992;&#3009;&#2965;&#3021;&#2965;&#3006;&#2965;&#2997;&#3009;&#2990;&#3021;, &#2949;&#2997;&#2992;&#3009;&#2975;&#3016;&#2991; &#2965;&#2992;&#3009;&#2980;&#3021;&#2980;&#3009;&#2965;&#3021;&#2965;&#2995;&#3006;&#2965;&#2997;&#3009;&#2990;&#3021; &#2984;&#3006;&#2990;&#3021; &#2970;&#3007;&#2993;&#2986;&#3021;&#2986;&#3006;&#2965; &#2972;&#3014;&#2986;&#3007;&#2986;&#3021;&#2986;&#3019;&#2990;&#3021;. &#2949;&#2985;&#3021;&#2993;&#3009; &#2990;&#3006;&#2994;&#3016; &#2951;&#2979;&#3016;&#2984;&#3021;&#2980; &#2984;&#2985;&#3021;&#2993;&#3007;&#2991;&#2993;&#3007;&#2980;&#2994;&#3021; &#2980;&#3007;&#2992;&#3009;&#2986;&#3021;&#2986;&#2994;&#3007; &#2984;&#2975;&#3016;&#2986;&#3014;&#2993;&#3009;&#2990;&#3021;. &#2953;&#2969;&#3021;&#2965;&#2995;&#3021; &#2949;&#2985;&#3016;&#2997;&#2992;&#3016;&#2991;&#3009;&#2990;&#3021; &#2986;&#3006;&#2970;&#2980;&#3021;&#2980;&#3019;&#2975;&#3009; &#2949;&#2996;&#3016;&#2965;&#3021;&#2965;&#3007;&#2985;&#3021;&#2993;&#3019;&#2990;&#3021;.</li><br><p><span style="line-height: 1.6;"><li>&#2975;&#3007;&#2970;&#2990;&#3021;&#2986;&#2992;&#3021; 02 &#2997;&#3014;&#2995;&#3021;&#2995;&#3007;&#2965;&#3021;&#2965;&#3007;&#2996;&#2990;&#3016;.  &#2949;&#2985;&#3021;&#2993;&#3009; &#2990;&#3006;&#2980;&#2980;&#3021;&#2980;&#3007;&#2985;&#3021; &#2990;&#3009;&#2980;&#2994;&#3021; &#2997;&#3014;&#2995;&#3021;&#2995;&#3007;&#2965;&#3021;&#2965;&#3007;&#2996;&#2990;&#3016;. &#2949;&#2985;&#3021;&#2993;&#3009; &#2984;&#2975;&#3016;&#2986;&#3014;&#2993;&#3009;&#2990;&#3021; &#2959;&#2980;&#3006;&#2997;&#2980;&#3009; &#2962;&#2992;&#3009; &#2980;&#3007;&#2992;&#3009;&#2986;&#3021;&#2986;&#2994;&#3007;&#2991;&#3007;&#2994;&#3021; &#2986;&#2969;&#3021;&#2965;&#3015;&#2993;&#3021;&#2986;&#3019;&#2990;&#3021;.  &#2965;&#3006;&#2994;&#3016; 11.00 &#2990;&#2979;&#3007; &#2990;&#2993;&#3021;&#2993;&#3009;&#2990;&#3021; &#2990;&#3006;&#2994;&#3016; 0630 &#2990;&#2979;&#3007; &#2980;&#3007;&#2992;&#3009;&#2986;&#3021;&#2986;&#2994;&#3007;&#2965;&#3021;&#2965;&#3009;&#2986;&#3021;&#2986;&#3007;&#2985;&#3021; &#2984;&#2993;&#3021;&#2965;&#2992;&#3009;&#2979;&#3016; &#2950;&#2992;&#3006;&#2980;&#2985;&#3016; &#2984;&#2975;&#3016;&#2986;&#3014;&#2993;&#3009;&#2990;&#3021;.</li><br><p><span style="line-height: 1.6;"><li>&#2984;&#2997;&#2990;&#3021;&#2986;&#2992;&#3021; 03 &#2970;&#2985;&#3007;&#2965;&#3021;&#2965;&#3007;&#2996;&#2990;&#3016;. &#2949;&#2985;&#3021;&#2993;&#3009; &#2990;&#2993;&#3016;&#2986;&#3021;&#2986;&#2979;&#3007;&#2991;&#3006;&#2995;&#2992;&#3021;&#2965;&#2995;&#3007;&#2985;&#3021; &#2986;&#3006;&#2980;&#3009;&#2965;&#3006;&#2997;&#2994;&#2992;&#3006;&#2985; &#2986;&#3009;&#2985;&#3007;&#2980; &#2986;&#3007;&#2992;&#3006;&#2985;&#3021;&#2970;&#3007;&#3000;&#3021; &#2970;&#2997;&#3015;&#2992;&#3007;&#2991;&#3006;&#2992;&#3021; &#2980;&#3007;&#2992;&#3009;&#2997;&#3007;&#2996;&#3006;. &#2949;&#2985;&#3021;&#2993;&#3009; &#2990;&#3006;&#2994;&#3016; &#2970;&#2997;&#3015;&#2992;&#3007;&#2991;&#3006;&#2992;&#3021; &#2986;&#2965;&#3009;&#2980;&#3007;&#2991;&#3007;&#2994;&#3021; &#2970;&#3007;&#2993;&#2986;&#3021;&#2986;&#3009;&#2980;&#3021; &#2980;&#3007;&#2992;&#3009;&#2986;&#3021;&#2986;&#2994;&#3007; &#2984;&#2975;&#3016;&#2986;&#3014;&#2993;&#3009;&#2990;&#3021;. &#2949;&#2985;&#3021;&#2993;&#3009; &#2990;&#3006;&#2980;&#2980;&#3021;&#2980;&#3007;&#2985;&#3021; &#2990;&#3009;&#2980;&#2994;&#3021; &#2970;&#2985;&#3007;&#2965;&#3021;&#2965;&#3007;&#2996;&#2990;&#3016;. &#2990;&#3006;&#2994;&#3016; &#2951;&#2979;&#3016;&#2984;&#3021;&#2980; &#2980;&#3007;&#2992;&#3009;&#2986;&#3021;&#2986;&#2994;&#3007;&#2991;&#3009;&#2990;&#3021; &#2990;&#2993;&#3021;&#2993;&#3009;&#2990;&#3021; &#2990;&#3014;&#2996;&#3009;&#2965;&#3009;&#2997;&#2992;&#3021;&#2980;&#3021;&#2980;&#3007; &#2959;&#2984;&#3021;&#2980;&#3007;&#2991; &#2972;&#3014;&#2986;&#2990;&#3006;&#2994;&#3016; &#2986;&#2997;&#2985;&#3007;&#2991;&#3009;&#2990;&#3021; &#2984;&#2975;&#3016;&#2986;&#3014;&#2993;&#3009;&#2990;&#3021;. &#2990;&#3015;&#2994;&#3009;&#2990;&#3021;, &#2949;&#2985;&#3021;&#2993;&#3009; &#2949;&#2992;&#3009;&#2975;&#3021;&#2980;&#2984;&#3021;&#2980;&#3016; &#2986;&#3007;&#2992;&#3006;&#2985;&#3021;&#2970;&#3007;&#3000;&#3021; &#2951;&#2992;&#2975;&#3021;&#2970;&#2965;&#2980;&#3006;&#3000;&#3021; &#2949;&#2997;&#2992;&#3021;&#2965;&#2995;&#3007;&#2985;&#3021; &#2986;&#3007;&#2993;&#2984;&#3021;&#2980;&#2984;&#3006;&#2995;&#3021;. &#2949;&#2997;&#2992;&#3009;&#2965;&#3021;&#2965;&#3006;&#2965;&#2997;&#3009;&#2990;&#3021; &#2990;&#2993;&#3021;&#2993;&#3009;&#2990;&#3021; &#2949;&#2997;&#2992;&#2980;&#3009; &#2986;&#2979;&#3007; &#2970;&#3007;&#2993;&#2965;&#3021;&#2965;&#2997;&#3009;&#2990;&#3021; &#2984;&#3006;&#2990;&#3021; &#2972;&#3014;&#2986;&#3007;&#2986;&#3021;&#2986;&#3019;&#2990;&#3021;.</li><br><p><span style="line-height: 1.6;"><li>&#2951;&#2984;&#3021;&#2980; &#2950;&#2979;&#3021;&#2975;&#3009;&#2990;&#3021; &#2965;&#3016;&#2990;&#3021;&#2986;&#3014;&#2979;&#3021;&#2965;&#2995;&#3007;&#2985;&#3021; &#2965;&#3009;&#2975;&#3009;&#2990;&#3021;&#2986;&#2980;&#3021;&#2980;&#3007;&#2993;&#3021;&#2965;&#3006;&#2965; &#2965;&#3007;&#2993;&#3007;&#3000;&#3021;&#2980;&#3009;&#2990;&#3000;&#3021; &#2970;&#2990;&#2991;&#2980;&#3021;&#2980;&#3007;&#2994;&#3021; &#2953;&#2980;&#2997;&#3007;&#2970;&#3021;&#2970;&#3014;&#2991;&#3021;&#2991; &#2980;&#3007;&#2975;&#3021;&#2975;&#2990;&#3007;&#2975;&#3021;&#2975;&#3009;&#2995;&#3021;&#2995;&#3019;&#2990;&#3021;. &#2962;&#2992;&#3009; &#2965;&#3009;&#2975;&#3009;&#2990;&#3021;&#2986;&#2980;&#3021;&#2980;&#3007;&#2993;&#3021;&#2965;&#3006;&#2965; &#2984;&#2985;&#3021;&#2965;&#3018;&#2975;&#3016; &#2997;&#2996;&#2969;&#3021;&#2965; &#2997;&#3007;&#2992;&#3009;&#2990;&#3021;&#2986;&#3009;&#2997;&#3019;&#2992;&#3021; &#2980;&#2969;&#3021;&#2965;&#2995;&#3021; &#2986;&#3014;&#2991;&#2992;&#3021;&#2965;&#2995;&#3016; &#2965;&#3018;&#2975;&#3009;&#2965;&#3021;&#2965;&#3009;&#2990;&#3006;&#2993;&#3009; &#2965;&#3015;&#2975;&#3021;&#2975;&#3009;&#2965;&#3021;&#2965;&#3018;&#2995;&#3021;&#2965;&#3007;&#2985;&#3021;&#2993;&#3019;&#2990;&#3021;.</li><br><p><span style="line-height: 1.6;"><li>&#2984;&#2990;&#2980;&#3009; &#2986;&#2969;&#3021;&#2965;&#3007;&#2985;&#3021; &#2965;&#3009;&#2975;&#3009;&#2990;&#3021;&#2986; &#2965;&#2979;&#2965;&#3021;&#2965;&#3014;&#2975;&#3009;&#2986;&#3021;&#2986;&#3009; &#2984;&#3007;&#2993;&#3016;&#2997;&#3009; &#2986;&#3014;&#2993;&#3021;&#2993;&#3009;&#2995;&#3021;&#2995;&#2980;&#3009;. &#2986;&#3009;&#2980;&#3007;&#2991; &#2965;&#3009;&#2975;&#3009;&#2990;&#3021;&#2986; &#2949;&#2975;&#3021;&#2975;&#3016; &#2997;&#2996;&#2969;&#3021;&#2965;&#3009;&#2997;&#2980;&#2993;&#3021;&#2965;&#3009; &#2990;&#3009;&#2985;&#3021;&#2985;&#2980;&#3006;&#2965; &#2949;&#2985;&#3021;&#2986;&#3007;&#2991;&#2980;&#3021;&#2980;&#2994;&#3016;&#2997;&#2992;&#3021;&#2965;&#2995;&#3021; &#2953;&#2969;&#3021;&#2965;&#2995;&#3021; &#2951;&#2994;&#3021;&#2994;&#2969;&#3021;&#2965;&#2995;&#3009;&#2965;&#3021;&#2965;&#3009; &#2997;&#2984;&#3021;&#2980;&#3009; &#2990;&#3009;&#2965;&#2997;&#2992;&#3007;&#2991;&#3016; &#2970;&#2992;&#3007;&#2986;&#3006;&#2992;&#3021;&#2986;&#3021;&#2986;&#3006;&#2992;&#3021;&#2965;&#2995;&#3021;. &#2949;&#2997;&#3021;h&#2965;&#2995;&#3009;&#2965;&#3021;&#2965;&#3009; &#2963;&#2980;&#3021;&#2980;&#3009;&#2996;&#3016;&#2965;&#3021;&#2965;&#3009;&#2990;&#3006;&#2993;&#3009; &#2965;&#3015;&#2975;&#3021;&#2975;&#3009; &#2965;&#3018;&#2995;&#3021;&#2965;&#3007;&#2985;&#3021;&#2993;&#3019;&#2990;&#3021;.</li><br><p><span style="line-height: 1.6;"><li>&#2953;&#2969;&#3021;&#2965;&#2995;&#3021; &#2965;&#3009;&#2996;&#2984;&#3021;&#2980;&#3016;&#2965;&#2995;&#3007;&#2975;&#2990;&#3021; &#2965;&#3018;&#2975;&#3009;&#2965;&#3021;&#2965;&#2986;&#3021;&#2986;&#2975;&#3021;&#2975;&#3009;&#2995;&#3021;&#2995; &#2972;&#3009;&#2986;&#3007;&#2994;&#3007; &#2950;&#2979;&#3021;&#2975;&#3009; &#2953;&#2979;&#3021;&#2975;&#3007;&#2991;&#2994;&#3021;&#2965;&#2995;&#3016; &#2953;&#2975;&#2985;&#3015; &#2980;&#3007;&#2992;&#3009;&#2986;&#3021;&#2986;&#3007; &#2980;&#2992;&#3009;&#2990;&#3006;&#2993;&#3009; &#2965;&#3015;&#2975;&#3021;&#2975;&#3009;&#2965;&#3021; &#2965;&#3018;&#2995;&#3021;&#2965;&#3007;&#2985;&#3021;&#2993;&#3019;&#2990;&#3021;.</li><br><p><span style="line-height: 1.6;"><li>&#2984;&#2997;&#2990;&#3021;&#2986;&#2992;&#3021; &#2990;&#3006;&#2980;&#2990;&#3021; &#2990;&#3009;&#2975;&#3007;&#2997;&#2975;&#3016;&#2991; &#2953;&#2995;&#3021;&#2995;&#2980;&#3006;&#2994;&#3021; &#2980;&#2969;&#3021;&#2965;&#2995;&#3007;&#2975;&#2990;&#3021; &#2965;&#3018;&#2975;&#3009;&#2965;&#3021;&#2965;&#2986;&#3021;&#2986;&#2975;&#3021;&#2975; &#2990;&#3006;&#2980;&#3006; &#2970;&#3009;&#2992;&#3010;&#2986;&#2980;&#3021;&#2980;&#3016; &#2980;&#3007;&#2992;&#3009;&#2986;&#3021;&#2986;&#3007; &#2980;&#2992;&#3009;&#2990;&#3006;&#2993;&#3009; &#2949;&#2985;&#3021;&#2986;&#3007;&#2991; &#2990;&#2993;&#3021;&#2993;&#3009;&#2990;&#3021; &#2986;&#2965;&#3009;&#2980;&#3007;&#2980;&#3021;&#2980;&#2994;&#3016;&#2997;&#2992;&#3021;&#2965;&#2995;&#3016; &#2965;&#3015;&#2975;&#3021;&#2975;&#3009;&#2965;&#3021;&#2965;&#3018;&#2995;&#3021;&#2965;&#3007;&#2985;&#3021;&#2993;&#3019;&#2990;&#3021;.</li><br><p><span style="line-height: 1.6;"><li>&#2986;&#3009;&#2985;&#3007;&#2980; &#2986;&#3010;&#2990;&#3007; &#2970;&#3014;&#2994;&#3021;&#2997;&#2980;&#2993;&#3021;&#2965;&#3006;&#2985; &#2970;&#2994;&#3009;&#2965;&#3016;&#2980;&#3021; &#2980;&#3018;&#2965;&#3016; &#2986;&#3014;&#2993;&#3009;&#2990;&#3021; &#2949;&#2993;&#3007;&#2997;&#3007;&#2986;&#3021;&#2986;&#3016; &#2980;&#2990;&#3007;&#2996;&#2965; &#2949;&#2992;&#2970;&#3009; &#2997;&#3014;&#2995;&#3007;&#2991;&#3008;&#2975;&#3021;&#2975;&#3009;&#2995;&#3021;&#2995;&#2980;&#3009;. &#2997;&#2992;&#3009;&#2990;&#3021; &#2990;&#3015; &#2990;&#3006;&#2980;&#2980;&#3021;&#2980;&#3007;&#2994;&#3021; &#2986;&#3009;&#2985;&#3007;&#2980; &#2986;&#3010;&#2990;&#3007;&#2965;&#3021;&#2965;&#3009; &#2970;&#3014;&#2994;&#3021;&#2994; &#2997;&#3007;&#2992;&#3009;&#2990;&#3021;&#2986;&#3009;&#2997;&#3019;&#2992;&#3021; &#2975;&#3007;&#2970;&#2990;&#3021;&#2986;&#2992;&#3021; 10&#2990;&#3021; &#2980;&#3015;&#2980;&#3007;&#2965;&#3021;&#2965;&#3009;&#2995;&#3021; &#2970;&#2994;&#3009;&#2965;&#3016;&#2980;&#3021; &#2980;&#3018;&#2965;&#3016; &#2986;&#3014;&#2993;&#3009;&#2997;&#2980;&#2993;&#3021;&#2965;&#3009; &#2997;&#3007;&#2979;&#3021;&#2979;&#2986;&#3021;&#2986;&#3007;&#2965;&#3021;&#2965; &#2997;&#3015;&#2979;&#3021;&#2975;&#3009;&#2990;&#3021;.</li></ul></p><p><span style="line-height: 1.6;">&#2949;&#2993;&#3007;&#2997;&#3007;&#2986;&#3021;&#2986;&#3009; : &#2949;&#2992;&#3009;&#2975;&#3021;&#2986;&#2979;&#3007;. &#2972;&#3019; &#2950;&#2979;&#3021;&#2992;&#3010; &#2970;.&#2970;.&#2949;&#2980;&#3007;&#2986;&#2992;&#3021; &#2990;&#2993;&#3021;&#2993;&#3009;&#2990;&#3021; &#2986;&#2969;&#3021;&#2965;&#3009;&#2980;&#3021;&#2980;&#2984;&#3021;&#2980;&#3016; &#2994;&#3010;&#2992;&#3021;&#2980;&#3009; &#2949;&#2985;&#3021;&#2985;&#3016; &#2950;&#2994;&#2991;&#2990;&#3021; &#2986;&#3014;&#2992;&#2990;&#3021;&#2986;&#3010;&#2992;&#3021;</span></p> ]]></description><author>Lourdes shrine</author><category domain="http://ta.radiovaticana.va">-</category><pubDate>Sun, 27 Nov 2016</pubDate>
</item>       

<item>
                <link>http://ta.radiovaticana.va/news/2016/09/15/à®®à®°à®£à®¤à®£à¯à®Ÿà®©à¯ˆà®¯à¯ˆ_à®®à¯€à®£à¯à®Ÿà¯à®®à¯_à®•à¯Šà®£à®°à¯à®µà®¤à¯ˆ_à®Žà®¤à®¿à®°à¯à®¤à¯à®¤à¯_à®†à®¯à®°à¯à®•à®³à¯/1258367</link>
                <guid isPermaLink="true">http://ta.radiovaticana.va/news/2016/09/15/à®®à®°à®£à®¤à®£à¯à®Ÿà®©à¯ˆà®¯à¯ˆ_à®®à¯€à®£à¯à®Ÿà¯à®®à¯_à®•à¯Šà®£à®°à¯à®µà®¤à¯ˆ_à®Žà®¤à®¿à®°à¯à®¤à¯à®¤à¯_à®†à®¯à®°à¯à®•à®³à¯/1258367</guid>
                
<title><![CDATA[à®•à®¿à®±à®¿à®¸à¯à®¤à¯ à®…à®°à®šà®°à¯ à®ªà¯†à®°à¯à®µà®¿à®´à®¾]]></title><description><![CDATA[ <img src= 'http://ivapapps.16mb.com/mary_not.jpg' alt='' align='left' hspace='5'/><b>Sun, 20 Nov 2016</b><br/><p>à®¨à®µà®®à¯à®ªà®°à¯ 20 à®žà®¾à®¯à®¿à®±à¯à®±à¯à®•à¯à®•à®¿à®´à®®à¯ˆ. à®‡à®©à¯à®±à¯ à®•à®¿à®±à®¿à®¸à¯à®¤à¯ à®…à®°à®šà®°à¯ à®ªà¯†à®°à¯à®µà®¿à®´à®¾ à®®à®±à¯à®±à¯à®®à¯ à®¤à®¿à®°à¯à®µà®´à®¿à®ªà¯à®ªà®¾à®Ÿà¯à®Ÿà¯ à®•à®¾à®²à®¤à¯à®¤à®¿à®©à¯Â à®•à®Ÿà¯ˆà®šà®¿ à®žà®¾à®¯à®¿à®±à¯. à®…à®Ÿà¯à®¤à¯à®¤ à®žà®¾à®¯à®¿à®±à¯ à®¤à®¿à®°à¯à®µà®°à¯à®•à¯ˆà®•à®¾à®²à®¤à¯à®¤à®¿à®©à¯ à®®à¯à®¤à®²à¯ à®žà®¾à®¯à®¿à®±à¯. à®‡à®±à¯ˆ à®‡à®°à®•à¯à®• à®œà¯à®ªà®¿à®²à®¿Â à®†à®£à¯à®Ÿà¯ˆ à®¨à®¿à®±à¯ˆà®µà¯ à®šà¯†à®¯à¯à®¯à¯à®®à¯ à®ªà¯Šà®°à¯à®Ÿà¯à®Ÿà¯à®®à¯ à®®à®±à¯à®±à¯à®®à¯ à®•à®¿à®±à®¿à®¸à¯à®¤à¯ à®…à®°à®šà®°à¯ à®ªà¯†à®°à¯à®µà®¿à®´à®¾à®µà¯ˆ à®®à¯à®©à¯à®©à®¿à®Ÿà¯à®Ÿà¯à®®à¯ 40Â à®®à®£à®¿à®¨à¯‡à®° à®šà®¿à®±à®ªà¯à®ªà¯ à®¨à®±à¯à®•à®°à¯à®£à¯ˆ à®†à®°à®¾à®¤à®©à¯ˆ à®®à¯à®Ÿà®¿à®µà¯ à®ªà¯†à®±à¯à®±à®¤à¯. à®‡à®©à¯à®±à¯ à®®à®¾à®ªà¯†à®°à¯à®®à¯ à®‡à®±à¯ˆ à®‡à®°à®•à¯à®• à®œà¯à®ªà®¿à®²à®¿Â à®†à®£à¯à®Ÿà®¿à®©à¯ à®¨à®¿à®±à¯ˆà®µà¯à®¨à®¾à®³à¯. à®‡à®¤à¯ˆ à®®à¯à®©à¯à®©à®¿à®Ÿà¯à®Ÿà¯ à®µà®¤à¯à®¤à®¿à®•à¯à®•à®¾à®©à®¿à®©à¯ à®‰à®³à¯à®³ à®ªà¯à®©à®¿à®¤ à®ªà¯‡à®¤à¯à®°à¯ à®ªà¯‡à®°à®¾à®²à®¯à®¤à¯à®¤à®¿à®©à¯ à®ªà¯à®©à®¿à®¤Â à®µà®¾à®¯à®¿à®²à¯ˆ à®¤à®¿à®°à¯à®¤à¯à®¤à®¨à¯à®¤à¯ˆ à®®à¯‚à®Ÿà®¿ à®µà¯ˆà®•à¯à®•à®¿à®©à¯à®±à®¾à®°à¯. à®‡à®®à¯à®®à®¾à®ªà¯†à®°à¯à®®à¯ à®‡à®°à®•à¯à®•à®¤à¯à®¤à®¿à®©à¯ à®†à®£à¯à®Ÿà¯ˆ à®¨à®®à®•à¯à®•à¯ à®•à¯Šà®Ÿà¯ˆà®¯à®¾à®•Â à®•à¯Šà®Ÿà¯à®¤à¯à®¤ à®‡à®±à¯ˆà®µà®©à¯à®•à¯à®•à¯ à®¨à®©à¯à®±à®¿ à®•à¯‚à®±à¯à®µà¯‹à®®à¯. à®šà¯†à®©à¯à®± à®žà®¾à®¯à®¿à®±à¯ à®¨à®®à¯ à®¤à®¿à®°à¯à®¤à¯à®¤à®² à®ªà¯à®©à®¿à®¤ à®µà®¾à®¯à®¿à®²à¯Â à®®à¯‚à®Ÿà®ªà¯à®ªà®Ÿà¯à®Ÿà¯à®³à¯à®³à®¤à¯.</p><p><span style="line-height: 1.6;">à®…à®±à®¿à®µà®¿à®ªà¯à®ªà¯ :à®…à®°à¯à®Ÿà¯à®ªà®£à®¿. à®œà¯‹ à®†à®£à¯à®°à¯‚ à®š.à®š.à®…à®¤à®¿à®ªà®°à¯ à®®à®±à¯à®±à¯à®®à¯ à®ªà®™à¯à®•à¯à®¤à¯à®¤à®¨à¯à®¤à¯ˆ à®²à¯‚à®°à¯à®¤à¯ à®…à®©à¯à®©à¯ˆ à®†à®²à®¯à®®à¯ à®ªà¯†à®°à®®à¯à®ªà¯‚à®°à¯</span></p> ]]></description>
<author>Lourdes shrine</author>
<category domain="http://ta.radiovaticana.va">-</category>
<pubDate>Sun, 20 Nov 2016 17:04:59 GMT</pubDate>
</item><item>
                <link>http://ta.radiovaticana.va/news/2016/09/15/à®®à®°à®£à®¤à®£à¯à®Ÿà®©à¯ˆà®¯à¯ˆ_à®®à¯€à®£à¯à®Ÿà¯à®®à¯_à®•à¯Šà®£à®°à¯à®µà®¤à¯ˆ_à®Žà®¤à®¿à®°à¯à®¤à¯à®¤à¯_à®†à®¯à®°à¯à®•à®³à¯/1258367</link>
                <guid isPermaLink="true">http://ta.radiovaticana.va/news/2016/09/15/à®®à®°à®£à®¤à®£à¯à®Ÿà®©à¯ˆà®¯à¯ˆ_à®®à¯€à®£à¯à®Ÿà¯à®®à¯_à®•à¯Šà®£à®°à¯à®µà®¤à¯ˆ_à®Žà®¤à®¿à®°à¯à®¤à¯à®¤à¯_à®†à®¯à®°à¯à®•à®³à¯/1258367</guid>
          
<title><![CDATA[à®‡à®¯à®•à¯à®•à¯à®©à®°à¯ à®…à®°à¯à®Ÿà¯à®¤à®¨à¯à®¤à¯ˆ à®†à®©à¯à®°à¯‚à®¸à¯ à®¸à¯à®Ÿà®¿à®ªà®©à¯à®°à®¾à®œà¯ à®ªà®¿à®±à®¨à¯à®¤à®¨à®¾à®³à¯]]></title>
<description><![CDATA[ <img src= 'http://ivapapps.16mb.com/mary_not.jpg' alt='' align='left' hspace='5'/><b>Sun, 20 Nov 2016</b><br/><p>à®‡à®©à¯à®±à¯ à®µà®´à®¿à®•à®¾à®Ÿà¯à®Ÿà®¿ à®‡à®¯à®•à¯à®•à¯à®©à®°à¯ à®…à®°à¯à®Ÿà¯à®¤à®¨à¯à®¤à¯ˆ à®†à®©à¯à®°à¯‚à®¸à¯ à®¸à¯à®Ÿà®¿à®ªà®©à¯à®°à®¾à®œà¯ à®…à®µà®°à¯à®•à®³à®¿à®©à¯ à®ªà®¿à®±à®¨à¯à®¤à®¨à®¾à®³à¯.à®…à®µà®°à¯à®•à¯à®•à®¾à®•à®µà¯à®®à¯ à®®à®±à¯à®±à¯à®®à¯ à®…à®µà®°à®¤à¯ à®ªà®£à®¿ à®šà®¿à®±à®•à¯à®•à®µà¯à®®à¯ à®¨à®¾à®®à¯ à®œà¯†à®ªà®¿à®ªà¯à®ªà¯‹à®®à¯.</p><p><span style="line-height: 1.6;">à®…à®±à®¿à®µà®¿à®ªà¯à®ªà¯ : à®…à®°à¯à®Ÿà¯à®ªà®£à®¿. à®œà¯‹ à®†à®£à¯à®°à¯‚ à®š.à®š.à®…à®¤à®¿à®ªà®°à¯ à®®à®±à¯à®±à¯à®®à¯ à®ªà®™à¯à®•à¯à®¤à¯à®¤à®¨à¯à®¤à¯ˆ à®²à¯‚à®°à¯à®¤à¯ à®…à®©à¯à®©à¯ˆ à®†à®²à®¯à®®à¯ à®ªà¯†à®°à®®à¯à®ªà¯‚à®°à¯</span></p> ]]></description><author>Lourdes shrine</author><category domain="http://ta.radiovaticana.va">-</category>
<pubDate>Sun, 20 Nov 2016 17:04:59 GMT</pubDate>
</item><item>
                <link>http://ta.radiovaticana.va/news/2016/09/15/à®®à®°à®£à®¤à®£à¯à®Ÿà®©à¯ˆà®¯à¯ˆ_à®®à¯€à®£à¯à®Ÿà¯à®®à¯_à®•à¯Šà®£à®°à¯à®µà®¤à¯ˆ_à®Žà®¤à®¿à®°à¯à®¤à¯à®¤à¯_à®†à®¯à®°à¯à®•à®³à¯/1258367</link>
                <guid isPermaLink="true">http://ta.radiovaticana.va/news/2016/09/15/à®®à®°à®£à®¤à®£à¯à®Ÿà®©à¯ˆà®¯à¯ˆ_à®®à¯€à®£à¯à®Ÿà¯à®®à¯_à®•à¯Šà®£à®°à¯à®µà®¤à¯ˆ_à®Žà®¤à®¿à®°à¯à®¤à¯à®¤à¯_à®†à®¯à®°à¯à®•à®³à¯/1258367</guid>
          
<title><![CDATA[à®‡à®³à¯ˆà®¯à¯‹à®°à¯ à®Žà®´à¯à®šà¯à®šà®¿ à®•à®°à¯à®¤à¯à®¤à®°à®™à¯à®•à®®à¯]]></title>
<description><![CDATA[ <img src= 'http://ivapapps.16mb.com/mary_not.jpg' alt='' align='left' hspace='5'/><b>Sun, 20 Nov 2016</b><br/><p>à®‡à®©à¯à®±à¯ à®¨à®Ÿà¯ˆà®ªà¯†à®±à¯à®®à¯ à®’à®°à¯ à®¨à®¾à®³à¯ à®‡à®³à¯ˆà®¯à¯‹à®°à¯ à®Žà®´à¯à®šà¯à®šà®¿ à®•à®°à¯à®¤à¯à®¤à®°à®™à¯à®•à®¿à®²à¯ à®¨à®®à¯ à®ªà®™à¯à®•à¯ à®‡à®³à¯ˆà®¯à¯‹à®°à¯ à®…à®©à¯ˆà®µà®°à¯à®®à¯ à®•à®²à®¨à¯à®¤à¯à®•à¯ à®•à¯Šà®³à¯à®³ à®…à®´à¯ˆà®•à¯à®•à®¿à®©à¯à®±à¯‹à®®à¯. à®‡à®¤à®¿à®²à¯ 11, 12à®®à¯ à®µà®•à¯à®ªà¯à®ªà¯ à®®à®±à¯à®±à¯à®®à¯ à®•à®²à¯à®²à¯‚à®°à®¿ à®šà¯†à®²à¯à®²à¯à®®à¯ à®…à®©à¯ˆà®µà®°à¯à®®à¯ à®•à®²à®¨à¯à®¤à¯ à®•à¯Šà®³à¯à®³à¯à®®à®¾à®±à¯ à®…à®´à¯ˆà®•à¯à®•à®¿à®©à¯à®±à¯‹à®®à¯. à®®à¯‡à®²à¯à®®à¯, à®®à®¾à®¤à®¤à¯à®¤à®¿à®©à¯ à®¨à®¾à®©à¯à®•à®¾à®µà®¤à¯ à®žà®¾à®¯à®¿à®±à¯à®±à¯à®•à¯à®•à®¿à®´à®®à¯ˆà®•à®³à®¿à®²à¯ à®•à®¾à®²à¯ˆ 09.00 à®®à®£à®¿à®•à¯à®•à¯ à®‡à®³à¯ˆà®¯à¯‹à®°à¯à®•à¯à®•à®¾à®© à®¤à®¿à®¯à®¾à®©à®®à¯ à®¨à®Ÿà¯ˆà®ªà¯†à®±à¯à®®à¯. à®…à®©à¯à®±à¯Â à®¨à®Ÿà¯ˆà®ªà¯†à®±à¯à®®à¯ à®•à®¾à®²à¯ˆ 07.30 à®®à®£à®¿ à®¤à®¿à®°à¯à®ªà¯à®ªà®²à®¿à®¯à®¿à®²à¯ à®•à®²à®¨à¯à®¤à¯ à®•à¯Šà®³à¯à®³ à®‡à®³à¯ˆà®¯à¯‹à®°à¯ˆ à®…à®´à¯ˆà®•à¯à®•à®¿à®©à¯à®±à¯‹à®®à¯.</p><p><span style="line-height: 1.6;">à®…à®±à®¿à®µà®¿à®ªà¯à®ªà¯ : à®…à®°à¯à®Ÿà¯à®ªà®£à®¿. à®œà¯‹ à®†à®£à¯à®°à¯‚ à®š.à®š.à®…à®¤à®¿à®ªà®°à¯ à®®à®±à¯à®±à¯à®®à¯ à®ªà®™à¯à®•à¯à®¤à¯à®¤à®¨à¯à®¤à¯ˆ à®²à¯‚à®°à¯à®¤à¯ à®…à®©à¯à®©à¯ˆ à®†à®²à®¯à®®à¯ à®ªà¯†à®°à®®à¯à®ªà¯‚à®°à¯</span></p> ]]></description><author>Lourdes shrine</author><category domain="http://ta.radiovaticana.va">-</category>
<pubDate>Sun, 20 Nov 2016 17:04:59 GMT</pubDate>
</item><item>
                <link>http://ta.radiovaticana.va/news/2016/09/15/à®®à®°à®£à®¤à®£à¯à®Ÿà®©à¯ˆà®¯à¯ˆ_à®®à¯€à®£à¯à®Ÿà¯à®®à¯_à®•à¯Šà®£à®°à¯à®µà®¤à¯ˆ_à®Žà®¤à®¿à®°à¯à®¤à¯à®¤à¯_à®†à®¯à®°à¯à®•à®³à¯/1258367</link>
                <guid isPermaLink="true">http://ta.radiovaticana.va/news/2016/09/15/à®®à®°à®£à®¤à®£à¯à®Ÿà®©à¯ˆà®¯à¯ˆ_à®®à¯€à®£à¯à®Ÿà¯à®®à¯_à®•à¯Šà®£à®°à¯à®µà®¤à¯ˆ_à®Žà®¤à®¿à®°à¯à®¤à¯à®¤à¯_à®†à®¯à®°à¯à®•à®³à¯/1258367</guid>
          
<title><![CDATA[à®®à®¾à®¤à®¾ à®šà¯à®°à¯‚à®ªà®®à¯]]></title>
<description><![CDATA[ <img src= 'http://ivapapps.16mb.com/mary_not.jpg' alt='' align='left' hspace='5'/><b>Sun, 20 Nov 2016</b><br/><p>à®¨à®µà®®à¯à®ªà®°à¯ à®®à®¾à®¤à®®à¯ à®®à¯à®Ÿà®¿à®µà®Ÿà¯ˆà®¯ à®‰à®³à¯à®³à®¤à®¾à®²à¯ à®¤à®™à¯à®•à®³à®¿à®Ÿà®®à¯ à®•à¯Šà®Ÿà¯à®•à¯à®•à®ªà¯à®ªà®Ÿà¯à®Ÿ à®®à®¾à®¤à®¾ à®šà¯à®°à¯‚à®ªà®¤à¯à®¤à¯ˆ à®¤à®¿à®°à¯à®ªà¯à®ªà®¿à®¤à¯à®¤à®°à¯à®®à®¾à®±à¯ à®…à®©à¯à®ªà®¿à®¯ à®®à®±à¯à®±à¯à®®à¯ à®ªà®•à¯à®¤à®¿à®¤à¯à®¤à®²à¯ˆà®µà®°à¯à®•à®³à¯ˆ à®•à¯‡à®Ÿà¯à®Ÿà¯à®•à¯à®•à¯Šà®³à¯à®•à®¿à®©à¯à®±à¯‹à®®à¯</p><p><span style="line-height: 1.6;">à®…à®±à®¿à®µà®¿à®ªà¯à®ªà¯ : à®…à®°à¯à®Ÿà¯à®ªà®£à®¿. à®œà¯‹ à®†à®£à¯à®°à¯‚ à®š.à®š.à®…à®¤à®¿à®ªà®°à¯ à®®à®±à¯à®±à¯à®®à¯ à®ªà®™à¯à®•à¯à®¤à¯à®¤à®¨à¯à®¤à¯ˆ à®²à¯‚à®°à¯à®¤à¯ à®…à®©à¯à®©à¯ˆ à®†à®²à®¯à®®à¯ à®ªà¯†à®°à®®à¯à®ªà¯‚à®°à¯</span></p> ]]></description><author>Lourdes shrine</author><category domain="http://ta.radiovaticana.va">-</category>
<pubDate>Sun, 20 Nov 2016 17:04:59 GMT</pubDate>
</item><item>
                <link>http://ta.radiovaticana.va/news/2016/09/15/à®®à®°à®£à®¤à®£à¯à®Ÿà®©à¯ˆà®¯à¯ˆ_à®®à¯€à®£à¯à®Ÿà¯à®®à¯_à®•à¯Šà®£à®°à¯à®µà®¤à¯ˆ_à®Žà®¤à®¿à®°à¯à®¤à¯à®¤à¯_à®†à®¯à®°à¯à®•à®³à¯/1258367</link>
                <guid isPermaLink="true">http://ta.radiovaticana.va/news/2016/09/15/à®®à®°à®£à®¤à®£à¯à®Ÿà®©à¯ˆà®¯à¯ˆ_à®®à¯€à®£à¯à®Ÿà¯à®®à¯_à®•à¯Šà®£à®°à¯à®µà®¤à¯ˆ_à®Žà®¤à®¿à®°à¯à®¤à¯à®¤à¯_à®†à®¯à®°à¯à®•à®³à¯/1258367</guid>
          
<title><![CDATA[à®ªà¯à®¤à®¿à®¯ à®•à¯à®Ÿà¯à®®à¯à®ª à®…à®Ÿà¯à®Ÿà¯ˆ]]></title>
<description><![CDATA[ <img src= 'http://ivapapps.16mb.com/mary_not.jpg' alt='' align='left' hspace='5'/><b>Sun, 20 Nov 2016</b><br/><p>à®¨à®®à®¤à¯ à®ªà®™à¯à®•à®¿à®©à¯ à®•à¯à®Ÿà¯à®®à¯à®ª à®•à®£à®•à¯à®•à¯†à®Ÿà¯à®ªà¯à®ªà¯ à®¨à®¿à®±à¯ˆà®µà¯ à®ªà¯†à®±à¯à®±à¯à®³à¯à®³à®¤à¯. à®ªà¯à®¤à®¿à®¯ à®•à¯à®Ÿà¯à®®à¯à®ª à®…à®Ÿà¯à®Ÿà¯ˆ à®µà®´à®™à¯à®•à¯à®µà®¤à®±à¯à®•à¯ à®®à¯à®©à¯à®©à®¤à®¾à®• à®…à®©à¯à®ªà®¿à®¯à®¤à¯à®¤à®²à¯ˆà®µà®°à¯à®•à®³à¯ à®‰à®™à¯à®•à®³à¯ à®‡à®²à¯à®²à®™à¯à®•à®³à¯à®•à¯à®•à¯ à®µà®¨à¯à®¤à¯ à®®à¯à®•à®µà®°à®¿à®¯à¯ˆ à®šà®°à®¿à®ªà®¾à®°à¯à®ªà¯à®ªà®¾à®°à¯à®•à®³à¯. à®…à®µà®°à¯à®•à®³à¯à®•à¯à®•à¯ à®“à®¤à¯à®¤à¯à®´à¯ˆà®•à¯à®•à¯à®®à®¾à®±à¯ à®•à¯‡à®Ÿà¯à®Ÿà¯ à®•à¯Šà®³à¯à®•à®¿à®©à¯à®±à¯‹à®®à¯.</p><p><span style="line-height: 1.6;">à®…à®±à®¿à®µà®¿à®ªà¯à®ªà¯ : à®…à®°à¯à®Ÿà¯à®ªà®£à®¿. à®œà¯‹ à®†à®£à¯à®°à¯‚ à®š.à®š.à®…à®¤à®¿à®ªà®°à¯ à®®à®±à¯à®±à¯à®®à¯ à®ªà®™à¯à®•à¯à®¤à¯à®¤à®¨à¯à®¤à¯ˆ à®²à¯‚à®°à¯à®¤à¯ à®…à®©à¯à®©à¯ˆ à®†à®²à®¯à®®à¯ à®ªà¯†à®°à®®à¯à®ªà¯‚à®°à¯</span></p> ]]></description><author>Lourdes shrine</author><category domain="http://ta.radiovaticana.va">-</category>
<pubDate>Sun, 20 Nov 2016 17:04:59 GMT</pubDate>
</item><item>
                <link>http://ta.radiovaticana.va/news/2016/09/15/à®®à®°à®£à®¤à®£à¯à®Ÿà®©à¯ˆà®¯à¯ˆ_à®®à¯€à®£à¯à®Ÿà¯à®®à¯_à®•à¯Šà®£à®°à¯à®µà®¤à¯ˆ_à®Žà®¤à®¿à®°à¯à®¤à¯à®¤à¯_à®†à®¯à®°à¯à®•à®³à¯/1258367</link>
                <guid isPermaLink="true">http://ta.radiovaticana.va/news/2016/09/15/à®®à®°à®£à®¤à®£à¯à®Ÿà®©à¯ˆà®¯à¯ˆ_à®®à¯€à®£à¯à®Ÿà¯à®®à¯_à®•à¯Šà®£à®°à¯à®µà®¤à¯ˆ_à®Žà®¤à®¿à®°à¯à®¤à¯à®¤à¯_à®†à®¯à®°à¯à®•à®³à¯/1258367</guid>
          
<title><![CDATA[à®œà¯à®ªà®¿à®²à®¿ à®†à®£à¯à®Ÿà¯ à®‰à®£à¯à®Ÿà®¿à®¯à®²à¯]]></title>
<description><![CDATA[ <img src= 'http://ivapapps.16mb.com/mary_not.jpg' alt='' align='left' hspace='5'/><b>Sun, 20 Nov 2016</b><br/><p>à®‰à®™à¯à®•à®³à¯ à®•à¯à®´à®¨à¯à®¤à¯ˆà®•à®³à®¿à®Ÿà®®à¯ à®•à¯Šà®Ÿà¯à®•à¯à®•à®ªà¯à®ªà®Ÿà¯à®Ÿà¯à®³à¯à®³ à®œà¯à®ªà®¿à®²à®¿ à®†à®£à¯à®Ÿà¯ à®‰à®£à¯à®Ÿà®¿à®¯à®²à¯à®•à®³à¯ˆ à®‰à®Ÿà®©à¯‡ à®¤à®¿à®°à¯à®ªà¯à®ªà®¿à®¤à¯à®¤à®°à¯à®®à®¾à®±à¯ à®•à¯‡à®Ÿà¯à®Ÿà¯à®•à¯ à®•à¯Šà®³à¯à®•à®¿à®©à¯à®±à¯‹à®®à¯.</p><p><span style="line-height: 1.6;">à®…à®±à®¿à®µà®¿à®ªà¯à®ªà¯ : à®…à®°à¯à®Ÿà¯à®ªà®£à®¿. à®œà¯‹ à®†à®£à¯à®°à¯‚ à®š.à®š.à®…à®¤à®¿à®ªà®°à¯ à®®à®±à¯à®±à¯à®®à¯ à®ªà®™à¯à®•à¯à®¤à¯à®¤à®¨à¯à®¤à¯ˆ à®²à¯‚à®°à¯à®¤à¯ à®…à®©à¯à®©à¯ˆ à®†à®²à®¯à®®à¯ à®ªà¯†à®°à®®à¯à®ªà¯‚à®°à¯</span></p> ]]></description><author>Lourdes shrine</author><category domain="http://ta.radiovaticana.va">-</category>
<pubDate>Sun, 20 Nov 2016 17:04:59 GMT</pubDate>
</item><item>
                <link>http://ta.radiovaticana.va/news/2016/09/15/à®®à®°à®£à®¤à®£à¯à®Ÿà®©à¯ˆà®¯à¯ˆ_à®®à¯€à®£à¯à®Ÿà¯à®®à¯_à®•à¯Šà®£à®°à¯à®µà®¤à¯ˆ_à®Žà®¤à®¿à®°à¯à®¤à¯à®¤à¯_à®†à®¯à®°à¯à®•à®³à¯/1258367</link>
                <guid isPermaLink="true">http://ta.radiovaticana.va/news/2016/09/15/à®®à®°à®£à®¤à®£à¯à®Ÿà®©à¯ˆà®¯à¯ˆ_à®®à¯€à®£à¯à®Ÿà¯à®®à¯_à®•à¯Šà®£à®°à¯à®µà®¤à¯ˆ_à®Žà®¤à®¿à®°à¯à®¤à¯à®¤à¯_à®†à®¯à®°à¯à®•à®³à¯/1258367</guid>
          
<title><![CDATA[à®•à®¾à®£à®¿à®•à¯à®•à¯ˆ à®…à®©à¯à®©à¯ˆ à®¤à®¿à®°à¯à®µà®¿à®´à®¾]]></title><description>
<![CDATA[ <img src= 'http://ivapapps.16mb.com/mary_not.jpg' alt='' align='left' hspace='5'/><b>Mon, 21 Nov 2016</b><br/><p>à®¨à®µà®®à¯à®ªà®°à¯ 21 à®¤à®¿à®™à¯à®•à®Ÿà¯à®•à®¿à®´à®®à¯ˆ. à®…à®©à¯à®±à¯ à®•à®¾à®£à®¿à®•à¯à®•à¯ˆ à®…à®©à¯à®©à¯ˆ à®¤à®¿à®°à¯à®µà®¿à®´à®¾. à®‡à®¤à¯ˆ à®•à¯Šà®£à¯à®Ÿà®¾à®Ÿà¯à®®à¯ à®•à®¾à®£à®¿à®•à¯à®•à¯ˆ à®…à®©à¯à®©à¯ˆ à®…à®°à¯à®Ÿà¯à®šà®•à¯‹à®¤à®°à®¿à®•à®³à¯à®•à¯à®•à¯ à®µà®¾à®´à¯à®¤à¯à®¤à¯à®•à¯à®•à®³à¯ˆà®¯à¯à®®à¯ à®œà¯†à®ªà®™à¯à®•à®³à¯ˆà®¯à¯à®®à¯ à®¤à¯†à®°à®¿à®µà®¿à®¤à¯à®¤à¯à®•à¯à®•à¯Šà®³à¯à®•à®¿à®©à¯à®±à¯‹à®®à¯.</p><p><span style="line-height: 1.6;">à®…à®±à®¿à®µà®¿à®ªà¯à®ªà¯ : à®…à®°à¯à®Ÿà¯à®ªà®£à®¿. à®œà¯‹ à®†à®£à¯à®°à¯‚ à®š.à®š.à®…à®¤à®¿à®ªà®°à¯ à®®à®±à¯à®±à¯à®®à¯ à®ªà®™à¯à®•à¯à®¤à¯à®¤à®¨à¯à®¤à¯ˆ à®²à¯‚à®°à¯à®¤à¯ à®…à®©à¯à®©à¯ˆ à®†à®²à®¯à®®à¯ à®ªà¯†à®°à®®à¯à®ªà¯‚à®°à¯</span></p> ]]></description><author>Lourdes shrine</author><category domain="http://ta.radiovaticana.va">-</category>
<pubDate>Mon, 21 Nov 2016 17:04:59 GMT</pubDate>
</item><item>
                <link>http://ta.radiovaticana.va/news/2016/09/15/à®®à®°à®£à®¤à®£à¯à®Ÿà®©à¯ˆà®¯à¯ˆ_à®®à¯€à®£à¯à®Ÿà¯à®®à¯_à®•à¯Šà®£à®°à¯à®µà®¤à¯ˆ_à®Žà®¤à®¿à®°à¯à®¤à¯à®¤à¯_à®†à®¯à®°à¯à®•à®³à¯/1258367</link>
                <guid isPermaLink="true">http://ta.radiovaticana.va/news/2016/09/15/à®®à®°à®£à®¤à®£à¯à®Ÿà®©à¯ˆà®¯à¯ˆ_à®®à¯€à®£à¯à®Ÿà¯à®®à¯_à®•à¯Šà®£à®°à¯à®µà®¤à¯ˆ_à®Žà®¤à®¿à®°à¯à®¤à¯à®¤à¯_à®†à®¯à®°à¯à®•à®³à¯/1258367</guid>
          
<title><![CDATA[à®ªà¯à®©à®¿à®¤ à®šà¯†à®šà®²à®¿à®¯à®¾ à®¤à®¿à®°à¯à®µà®¿à®´à®¾]]></title>
<description><![CDATA[ <img src= 'http://ivapapps.16mb.com/mary_not.jpg' alt='' align='left' hspace='5'/><b>Tue, 22 Nov 2016</b><br/><p>à®¨à®µà®®à¯à®ªà®°à¯ 22 à®šà¯†à®µà¯à®µà®¾à®¯à¯à®•à®¿à®´à®®à¯ˆ. à®…à®©à¯à®±à¯ à®ªà®¾à®Ÿà®•à®°à¯ à®•à¯à®´à¯à®•à¯à®•à®³à®¿à®©à¯ à®ªà®¾à®¤à¯à®•à®¾à®µà®²à®¿ à®ªà¯à®©à®¿à®¤ à®šà¯†à®šà®²à®¿à®¯à®¾ à®¤à®¿à®°à¯à®µà®¿à®´à®¾.à®¨à®®à¯ à®ªà®™à¯à®•à®¿à®²à¯ à®šà¯†à®¯à®²à¯à®ªà®Ÿà¯à®®à¯ à®…à®©à¯ˆà®¤à¯à®¤à¯ à®ªà®¾à®Ÿà®•à®°à¯ à®•à¯à®´à®•à¯à®•à®³à¯à®•à¯à®•à¯à®®à¯ à®µà®¾à®´à¯à®¤à¯à®¤à¯à®•à¯à®•à®³à¯ˆ à®¤à¯†à®°à®¿à®µà®¿à®¤à¯à®¤à¯à®•à¯à®•à¯Šà®³à¯à®•à®¿à®©à¯à®±à¯‹à®®à¯. à®…à®©à¯à®±à¯ à®šà®¿à®±à®ªà¯à®ªà¯ à®¤à®¿à®°à¯à®ªà¯à®ªà®²à®¿à®¯à¯à®®à¯ à®®à®±à¯à®±à¯à®®à¯ à®¤à®¿à®°à¯à®ªà¯à®ªà®²à®¿ à®®à¯à®Ÿà®¿à®¨à¯à®¤ à®ªà®¿à®±à®•à¯ à®…à®©à¯à®ªà®¿à®©à¯Â à®µà®¿à®°à¯à®¨à¯à®¤à¯à®®à¯ à®µà®´à®™à¯à®•à®ªà¯à®ªà®Ÿà¯à®®à¯.</p><p><span style="line-height: 1.6;">à®…à®±à®¿à®µà®¿à®ªà¯à®ªà¯ : à®…à®°à¯à®Ÿà¯à®ªà®£à®¿. à®œà¯‹ à®†à®£à¯à®°à¯‚ à®š.à®š.à®…à®¤à®¿à®ªà®°à¯ à®®à®±à¯à®±à¯à®®à¯ à®ªà®™à¯à®•à¯à®¤à¯à®¤à®¨à¯à®¤à¯ˆ à®²à¯‚à®°à¯à®¤à¯ à®…à®©à¯à®©à¯ˆ à®†à®²à®¯à®®à¯ à®ªà¯†à®°à®®à¯à®ªà¯‚à®°à¯</span></p> ]]></description><author>Lourdes shrine</author><category domain="http://ta.radiovaticana.va">-</category>
<pubDate>Tue, 22 Nov 2016 17:04:59 GMT</pubDate>
</item><item>
                <link>http://ta.radiovaticana.va/news/2016/09/15/à®®à®°à®£à®¤à®£à¯à®Ÿà®©à¯ˆà®¯à¯ˆ_à®®à¯€à®£à¯à®Ÿà¯à®®à¯_à®•à¯Šà®£à®°à¯à®µà®¤à¯ˆ_à®Žà®¤à®¿à®°à¯à®¤à¯à®¤à¯_à®†à®¯à®°à¯à®•à®³à¯/1258367</link>
                <guid isPermaLink="true">http://ta.radiovaticana.va/news/2016/09/15/à®®à®°à®£à®¤à®£à¯à®Ÿà®©à¯ˆà®¯à¯ˆ_à®®à¯€à®£à¯à®Ÿà¯à®®à¯_à®•à¯Šà®£à®°à¯à®µà®¤à¯ˆ_à®Žà®¤à®¿à®°à¯à®¤à¯à®¤à¯_à®†à®¯à®°à¯à®•à®³à¯/1258367</guid>
          
<title><![CDATA[à®®à®±à¯ˆà®µà®Ÿà¯à®Ÿ à®…à®³à®µà®¿à®²à®¾à®© à®•à¯‚à®Ÿà¯à®Ÿà®®à¯]]></title><description><![CDATA[ <img src= 'http://ivapapps.16mb.com/mary_not.jpg' alt='' align='left' hspace='5'/><p>à®¨à®µà®®à¯à®ªà®°à¯ 22 à®®à¯à®¤à®²à¯ 24 à®µà®°à¯ˆ à®®à®±à¯ˆà®µà®Ÿà¯à®Ÿ à®…à®³à®µà®¿à®²à®¾à®© à®•à¯‚à®Ÿà¯à®Ÿà®¤à¯à®¤à®¿à®±à¯à®•à®¾à®• à®¨à®®à®¤à¯ à®ªà®™à¯à®•à¯à®¤à¯à®¤à®¨à¯à®¤à¯ˆÂ à®šà¯†à®²à¯à®•à®¿à®©à¯à®±à®¾à®°à¯.</p><p><span style="line-height: 1.6;">à®…à®±à®¿à®µà®¿à®ªà¯à®ªà¯ : à®…à®°à¯à®Ÿà¯à®ªà®£à®¿. à®œà¯‹ à®†à®£à¯à®°à¯‚ à®š.à®š.à®…à®¤à®¿à®ªà®°à¯ à®®à®±à¯à®±à¯à®®à¯ à®ªà®™à¯à®•à¯à®¤à¯à®¤à®¨à¯à®¤à¯ˆ à®²à¯‚à®°à¯à®¤à¯ à®…à®©à¯à®©à¯ˆ à®†à®²à®¯à®®à¯ à®ªà¯†à®°à®®à¯à®ªà¯‚à®°à¯</span></p> ]]></description><author>Lourdes shrine</author><category domain="http://ta.radiovaticana.va">-</category>
<pubDate>Tue, 22 Nov 2016 17:04:59 GMT</pubDate>
</item><item>
                <link>http://ta.radiovaticana.va/news/2016/09/15/à®®à®°à®£à®¤à®£à¯à®Ÿà®©à¯ˆà®¯à¯ˆ_à®®à¯€à®£à¯à®Ÿà¯à®®à¯_à®•à¯Šà®£à®°à¯à®µà®¤à¯ˆ_à®Žà®¤à®¿à®°à¯à®¤à¯à®¤à¯_à®†à®¯à®°à¯à®•à®³à¯/1258367</link>
                <guid isPermaLink="true">http://ta.radiovaticana.va/news/2016/09/15/à®®à®°à®£à®¤à®£à¯à®Ÿà®©à¯ˆà®¯à¯ˆ_à®®à¯€à®£à¯à®Ÿà¯à®®à¯_à®•à¯Šà®£à®°à¯à®µà®¤à¯ˆ_à®Žà®¤à®¿à®°à¯à®¤à¯à®¤à¯_à®†à®¯à®°à¯à®•à®³à¯/1258367</guid>
          
<title><![CDATA[à®•à®¿à®±à®¿à®¸à¯à®¤à®µà®°à¯à®•à®³à®¿à®©à¯ à®šà®•à®¾à®¯ à®…à®©à¯à®©à¯ˆ à®¨à®¿à®©à¯ˆà®µà¯à®¨à®¾à®³à¯]]></title>
<description><![CDATA[ <img src= 'http://ivapapps.16mb.com/mary_not.jpg' alt='' align='left' hspace='5'/><b>Thu, 24 Nov 2016</b><br/><p>à®¨à®µà®®à¯à®ªà®°à¯ 24 à®µà®¿à®¯à®¾à®´à®•à¯à®•à®¿à®´à®®à¯ˆ. à®…à®©à¯à®±à¯ à®•à®¿à®±à®¿à®¸à¯à®¤à®µà®°à¯à®•à®³à®¿à®©à¯ à®šà®•à®¾à®¯ à®…à®©à¯à®©à¯ˆ à®¨à®¿à®©à¯ˆà®µà¯à®¨à®¾à®³à¯. à®…à®©à¯à®±à¯ à®®à®¾à®²à¯ˆÂ à®šà®¿à®±à®ªà¯à®ªà¯ à®¤à®¿à®°à¯à®ªà¯à®ªà®²à®¿à®¯à¯à®®à¯ à®®à®±à¯à®±à¯à®®à¯ à®®à¯†à®´à¯à®•à¯à®µà®°à¯à®¤à¯à®¤à®¿ à®à®¨à¯à®¤à®¿à®¯ à®¤à¯‡à®°à¯à®ªà®µà®©à®¿à®¯à¯à®®à¯ à®¨à®Ÿà¯ˆà®ªà¯†à®±à¯à®®à¯.</p><p><span style="line-height: 1.6;">à®…à®±à®¿à®µà®¿à®ªà¯à®ªà¯ : à®…à®°à¯à®Ÿà¯à®ªà®£à®¿. à®œà¯‹ à®†à®£à¯à®°à¯‚ à®š.à®š.à®…à®¤à®¿à®ªà®°à¯ à®®à®±à¯à®±à¯à®®à¯ à®ªà®™à¯à®•à¯à®¤à¯à®¤à®¨à¯à®¤à¯ˆ à®²à¯‚à®°à¯à®¤à¯ à®…à®©à¯à®©à¯ˆ à®†à®²à®¯à®®à¯ à®ªà¯†à®°à®®à¯à®ªà¯‚à®°à¯</span></p> ]]></description><author>Lourdes shrine</author><category domain="http://ta.radiovaticana.va">-</category>
<pubDate>Thu, 24 Nov 2016 17:04:59 GMT</pubDate>
</item><item>
                <link>http://ta.radiovaticana.va/news/2016/09/15/à®®à®°à®£à®¤à®£à¯à®Ÿà®©à¯ˆà®¯à¯ˆ_à®®à¯€à®£à¯à®Ÿà¯à®®à¯_à®•à¯Šà®£à®°à¯à®µà®¤à¯ˆ_à®Žà®¤à®¿à®°à¯à®¤à¯à®¤à¯_à®†à®¯à®°à¯à®•à®³à¯/1258367</link>
                <guid isPermaLink="true">http://ta.radiovaticana.va/news/2016/09/15/à®®à®°à®£à®¤à®£à¯à®Ÿà®©à¯ˆà®¯à¯ˆ_à®®à¯€à®£à¯à®Ÿà¯à®®à¯_à®•à¯Šà®£à®°à¯à®µà®¤à¯ˆ_à®Žà®¤à®¿à®°à¯à®¤à¯à®¤à¯_à®†à®¯à®°à¯à®•à®³à¯/1258367</guid>
          
<title><![CDATA[à®‡à®£à¯ˆ-à®‡à®¯à®•à¯à®•à¯à®©à®°à¯ à®…à®°à¯à®Ÿà¯à®¤à®¨à¯à®¤à¯ˆ à®Žà®Ÿà¯à®µà®°à¯à®Ÿà¯ à®ªà®¿à®±à®¨à¯à®¤à®¨à®¾à®³à¯]]></title>
<description><![CDATA[ <img src= 'http://ivapapps.16mb.com/mary_not.jpg' alt='' align='left' hspace='5'/><b>Fri, 25 Nov 2016</b><br/><p>à®¨à®µà®®à¯à®ªà®°à¯ 25 à®µà¯†à®³à¯à®³à®¿à®•à¯à®•à®¿à®´à®®à¯ˆ. à®…à®©à¯à®±à¯ à®µà®´à®¿à®•à®¾à®Ÿà¯à®Ÿà®¿ à®‡à®£à¯ˆ-à®‡à®¯à®•à¯à®•à¯à®©à®°à¯ à®…à®°à¯à®Ÿà¯à®¤à®¨à¯à®¤à¯ˆ à®Žà®Ÿà¯à®µà®°à¯à®Ÿà¯Â à®…à®µà®°à¯à®•à®³à®¿à®©à¯ à®ªà®¿à®±à®¨à¯à®¤à®¨à®¾à®³à¯. à®…à®µà®°à¯à®•à¯à®•à®¾à®•à®µà¯à®®à¯ à®®à®±à¯à®±à¯à®®à¯ à®…à®µà®°à®¤à¯ à®ªà®£à®¿ à®šà®¿à®±à®•à¯à®•à®µà¯à®®à¯ à®¨à®¾à®®à¯ à®œà¯†à®ªà®¿à®ªà¯à®ªà¯‹à®®à¯.</p><p><span style="line-height: 1.6;">à®…à®±à®¿à®µà®¿à®ªà¯à®ªà¯ : à®…à®°à¯à®Ÿà¯à®ªà®£à®¿. à®œà¯‹ à®†à®£à¯à®°à¯‚ à®š.à®š.à®…à®¤à®¿à®ªà®°à¯ à®®à®±à¯à®±à¯à®®à¯ à®ªà®™à¯à®•à¯à®¤à¯à®¤à®¨à¯à®¤à¯ˆ à®²à¯‚à®°à¯à®¤à¯ à®…à®©à¯à®©à¯ˆ à®†à®²à®¯à®®à¯ à®ªà¯†à®°à®®à¯à®ªà¯‚à®°à¯</span></p> ]]></description><author>Lourdes shrine</author><category domain="http://ta.radiovaticana.va">-</category>
<pubDate>Fri, 25 Nov 2016 17:04:59 GMT</pubDate>
</item><item>
                <link>http://ta.radiovaticana.va/news/2016/09/15/à®®à®°à®£à®¤à®£à¯à®Ÿà®©à¯ˆà®¯à¯ˆ_à®®à¯€à®£à¯à®Ÿà¯à®®à¯_à®•à¯Šà®£à®°à¯à®µà®¤à¯ˆ_à®Žà®¤à®¿à®°à¯à®¤à¯à®¤à¯_à®†à®¯à®°à¯à®•à®³à¯/1258367</link>
                <guid isPermaLink="true">http://ta.radiovaticana.va/news/2016/09/15/à®®à®°à®£à®¤à®£à¯à®Ÿà®©à¯ˆà®¯à¯ˆ_à®®à¯€à®£à¯à®Ÿà¯à®®à¯_à®•à¯Šà®£à®°à¯à®µà®¤à¯ˆ_à®Žà®¤à®¿à®°à¯à®¤à¯à®¤à¯_à®†à®¯à®°à¯à®•à®³à¯/1258367</guid>
          
<title><![CDATA[à®•à®¿à®±à®¿à®¸à¯à®¤à¯à®®à®¸à¯ à®ªà®¾à®Ÿà®²à¯ à®ªà®¾à®Ÿà¯à®®à¯ à®¨à®¿à®•à®´à¯à®šà¯à®šà®¿]]></title>
<description><![CDATA[ <img src= 'http://ivapapps.16mb.com/mary_not.jpg' alt='' align='left' hspace='5'/><b>Sat, 26 Nov 2016</b><br/><p>à®¨à®µà®®à¯à®ªà®°à¯ 26 à®šà®©à®¿à®•à¯à®•à®¿à®´à®®à¯ˆ. à®…à®©à¯à®±à¯ à®®à®¾à®²à¯ˆ 06.00 à®®à®£à®¿à®•à¯à®•à¯ à®¤à®¿à®°à¯à®ªà¯à®ªà®²à®¿à®¯à¯à®®à¯ à®®à®±à¯à®±à¯à®®à¯ à®¤à®¿à®°à¯à®ªà¯à®ªà®²à®¿ à®®à¯à®Ÿà®¿à®¨à¯à®¤Â à®ªà®¿à®±à®•à¯ à®…à®©à¯ˆà®¤à¯à®¤à¯ à®¤à®¿à®°à¯à®šà¯à®šà®ªà¯ˆà®•à®³à®¿à®©à¯ à®’à®°à¯à®™à¯à®•à®¿à®£à¯ˆà®¨à¯à®¤ à®•à®¿à®±à®¿à®¸à¯à®¤à¯à®®à®¸à¯ à®ªà®¾à®Ÿà®²à¯ à®ªà®¾à®Ÿà¯à®®à¯ à®¨à®¿à®•à®´à¯à®šà¯à®šà®¿ à®¨à®Ÿà¯ˆà®ªà¯†à®±à¯à®®à¯.</p><p><span style="line-height: 1.6;">à®…à®±à®¿à®µà®¿à®ªà¯à®ªà¯ : à®…à®°à¯à®Ÿà¯à®ªà®£à®¿. à®œà¯‹ à®†à®£à¯à®°à¯‚ à®š.à®š.à®…à®¤à®¿à®ªà®°à¯ à®®à®±à¯à®±à¯à®®à¯ à®ªà®™à¯à®•à¯à®¤à¯à®¤à®¨à¯à®¤à¯ˆ à®²à¯‚à®°à¯à®¤à¯ à®…à®©à¯à®©à¯ˆ à®†à®²à®¯à®®à¯ à®ªà¯†à®°à®®à¯à®ªà¯‚à®°à¯</span></p> ]]></description><author>Lourdes shrine</author><category domain="http://ta.radiovaticana.va">-</category>
<pubDate>Sat, 26 Nov 2016 17:04:59 GMT</pubDate>
</item><item>
                <link>http://ta.radiovaticana.va/news/2016/09/15/à®®à®°à®£à®¤à®£à¯à®Ÿà®©à¯ˆà®¯à¯ˆ_à®®à¯€à®£à¯à®Ÿà¯à®®à¯_à®•à¯Šà®£à®°à¯à®µà®¤à¯ˆ_à®Žà®¤à®¿à®°à¯à®¤à¯à®¤à¯_à®†à®¯à®°à¯à®•à®³à¯/1258367</link>
                <guid isPermaLink="true">http://ta.radiovaticana.va/news/2016/09/15/à®®à®°à®£à®¤à®£à¯à®Ÿà®©à¯ˆà®¯à¯ˆ_à®®à¯€à®£à¯à®Ÿà¯à®®à¯_à®•à¯Šà®£à®°à¯à®µà®¤à¯ˆ_à®Žà®¤à®¿à®°à¯à®¤à¯à®¤à¯_à®†à®¯à®°à¯à®•à®³à¯/1258367</guid>
          
<title><![CDATA[à®¤à®¿à®°à¯à®µà®°à¯à®•à¯ˆà®•à¯à®•à®¾à®²à®¤à¯à®¤à®¿à®©à¯ à®®à¯à®¤à®²à¯ à®žà®¾à®¯à®¿à®±à¯]]></title>
<description><![CDATA[ <img src= 'http://ivapapps.16mb.com/mary_not.jpg' alt='' align='left' hspace='5'/><b>Sun, 27 Nov 2016</b><br/><p>à®¨à®µà®®à¯à®ªà®°à¯ 27 à®žà®¾à®¯à®¿à®±à¯à®±à¯à®•à¯à®•à®¿à®´à®®à¯ˆ. à®…à®©à¯à®±à¯ à®¤à®¿à®°à¯à®µà®°à¯à®•à¯ˆà®•à¯à®•à®¾à®²à®¤à¯à®¤à®¿à®©à¯ à®®à¯à®¤à®²à¯ à®žà®¾à®¯à®¿à®±à¯.Â </p><p><span style="line-height: 1.6;">à®…à®±à®¿à®µà®¿à®ªà¯à®ªà¯ : à®…à®°à¯à®Ÿà¯à®ªà®£à®¿. à®œà¯‹ à®†à®£à¯à®°à¯‚ à®š.à®š.à®…à®¤à®¿à®ªà®°à¯ à®®à®±à¯à®±à¯à®®à¯ à®ªà®™à¯à®•à¯à®¤à¯à®¤à®¨à¯à®¤à¯ˆ à®²à¯‚à®°à¯à®¤à¯ à®…à®©à¯à®©à¯ˆ à®†à®²à®¯à®®à¯ à®ªà¯†à®°à®®à¯à®ªà¯‚à®°à¯</span></p> ]]></description><author>Lourdes shrine</author><category domain="http://ta.radiovaticana.va">-</category>
<pubDate>Sun, 27 Nov 2016 17:04:59 GMT</pubDate>
</item>

 
    </channel>
</rss>